:020000040800F2
:100000003810002039020008273D0008BB360008E0
:10001000253D00083517000845460008000000008F
:10002000000000000000000000000000E94000089F
:10003000F517000800000000293D0008EB4000080B
:10004000530200085302000853020008530200083C
:10005000530200085302000853020008530200082C
:10006000530200085302000853020008530200081C
:10007000530200085302000853020008530200080C
:1000800053020008530200085302000853020008FC
:1000900053020008530200085302000853020008EC
:1000A00053020008530200085302000853020008DC
:1000B00079410008530200088541000853020008F6
:1000C00053020008530200085302000853020008BC
:1000D0005302000839460008530200085302000882
:1000E00053020008530200085302000800F002F80F
:1000F00000F092F80AA090E8000C82448344AAF130
:100100000107DA4501D100F087F8AFF2090EBAE82D
:100110000F0013F0010F18BFFB1A43F0010318473B
:10012000EC8C00000C8D0000103A24BF78C878C118
:10013000FAD8520724BF30C830C144BF04680C60ED
:10014000704700000023002400250026103A28BF35
:1001500078C1FBD8520728BF30C148BF0B60704739
:100160006E2900F0A283702900F09181662908F0C1
:10017000EA84652908F0E784672908F0E4846129A6
:1001800008F0E38403681B0A28BF41F08001692955
:1001900000F0CA80642900F0C780752900F0C4808F
:1001A0006F2900F01F81782900F05D81E92900F0B6
:1001B000A187E42900F09E87F52900F09B87EF29AD
:1001C00000F01C81F82900F05C810368DB0928BF7E
:1001D00041F08001632901F0A780732901F0AC8010
:1001E000E32901F0B780F32901F0BC8000207047BB
:1001F0001FB501F001F804000020002107F0EEFC1B
:10020000401C60600020002107F0D2FCE06000F09C
:100210009BFA1FBD10B510BD01F04BF91146FFF759
:10022000E7FF06F0EBFF01F071F903B4FFF7F2FF0F
:1002300003BC00F0DBFF0000094880470948004785
:10024000FEE7FEE7FEE7FEE7FEE7FEE7FEE7FEE786
:10025000FEE7FEE704480549054A064B70470000E3
:1002600077410008ED000008380A0020381000200F
:10027000380C0020380C00207CB51D4616460C00BA
:10028000009001D02044401E074B7B442A4669461B
:100290000190304600F0AFFE05461CB100206946D3
:1002A00000F0BCFE28467CBD990D00000FB41CB5C3
:1002B000084B06AA7B4469460090059800F09BFE17
:1002C00004460020694600F0A9FE20461CBC5DF8EB
:1002D00014FB0000650D000070B5044685690068D8
:1002E000C10601D5302600E02026C00707D070BD2A
:1002F000D4E9012130469047206A401C20626D1EDF
:10030000F6D570BD70B5044685690078C00707D181
:1003100070BDD4E9012120209047206A401C206252
:100320006D1EF6D570BD00002DE9F0410646002493
:1003300010687529314616A510D000F022FA002861
:1003400002DA404213A507E031688A0701D512A5F9
:1003500002E0490704D511A5012401E000F01AFAD2
:1003600000210A2206F1240709E0B0FBF2FCB0FBF1
:10037000F2F302FB1C00303078541846491C002868
:10038000F3D123462A463046BDE8F04100F034BAA6
:10039000000000002D0000002B00000020000000E5
:1003A00030B4002100F1240408E002F00705D2086F
:1003B000303542EA4372DB086554491C52EA0305B2
:1003C000F3D10468002310A2250708D504F0200407
:1003D0000C4304D0C46901230CA2641EC46130BC68
:1003E00000F00ABA10B504462146106800F0D2F9B0
:1003F00002462046BDE810400023D1E7D21D22F07E
:100400000701D1E90023CBE7000000003000000025
:10041000F0B40D460188090502D5214C7C4402E068
:100420001F4C7C440E34002100F1240608E002F049
:100430000F071209E75D42EA03721B097754491C52
:1004400052EA0307F3D102780023120704D5702D76
:1004500006D009B1022311342246F0BC00F0CCB919
:1004600001231034F8E770B504460D4621461068A4
:1004700000F090F9024629462046BDE8704000236E
:10048000C6E7D21D22F00703D3E90023C0E70368C3
:10049000126843F0200303600823C3610023B7E719
:1004A0002E8700002DE9F05F894604464FF0000AD0
:1004B000DFF874B1FB44C0F820A02046E16888470B
:1004C000002874D0252806D0D4E901219047206A5D
:1004D000401C2062F1E700265F462046E16888471D
:1004E0002028054607DB312D05D2781910F8200C9D
:1004F00008B10643F1E7B00701D526F00406C4F8B9
:100500001CA00027C4F818A02A2D09D0284607F0FF
:10051000E9FA38B304EB8708303DC8F8185019E001
:1005200059F8041B204604EB87029161E168884773
:10053000012F054618D1E069002820DA26F02006B0
:100540001DE0D8F8180000EB800005EB40003038C3
:10055000C8F818002046E1688847054607F0C2FA47
:100560000028EED1012F0AD02E2D08D12046E168B7
:1005700088477F1C0546022F46F02006C4DBA06991
:10058000002803DA404246F00106A061F00701D0DE
:1005900026F010066C2D0BD0682D09D04C2D39D0CB
:1005A0006A2D35D0742D35D07A2D33D016E038E051
:1005B000E1682F4620468847B842054609D16C2F8E
:1005C00026D04FF48060E168064320468847054600
:1005D00004E06C2F1AD04FF4807006430DB3A5F1E0
:1005E0004100192802D8203546F400664A462946BB
:1005F000204626604E46FFF7B3FD80B101280BD0A0
:10060000F61D26F0070000F1080956E74020E4E750
:100610008020D8E70020D6E706F104094DE72846F8
:1006200052E7206ABDE8F09FBE86000010B5431C6B
:1006300002E010F8011B71B18107FAD14FF00132CD
:1006400002C88C1A8C4314EAC211F9D0C01A0A06E7
:1006500003D0C01E10BDC01A10BD0A0401D0801EF8
:1006600010BD0902FCD0401E10BD032A40F23080AC
:1006700010F0030C00F0158011F8013BBCF1020FE3
:10068000624498BF11F801CB00F8013B38BF11F864
:10069000013BA2F1040298BF00F801CB38BF00F87B
:1006A000013B11F0030300F06E85083AC0F00880AA
:1006B00051F8043B083A51F804CBA0E80810F5E7DC
:1006C000121D5CBF51F8043B40F8043BAFF30080BF
:1006D000D20724BF11F8013B11F801CB48BF11F834
:1006E000012B24BF00F8013B00F801CB48BF00F804
:1006F000012B70474FF0000200B513469446964612
:10070000203922BFA0E80C50A0E80C50B1F1200124
:10071000BFF4F7AF090728BFA0E80C5048BF0CC0D2
:100720005DF804EB890028BF40F8042B08BF704730
:1007300048BF20F8022B11F0804F18BF00F8012BA2
:10074000704770477047704770B5064C7C44064D43
:100750007D4403E0206820448047241DAC42F9D149
:1007600070BD0000088800000888000010B500F087
:1007700047FD006810BD10B5044600F041FD04605F
:1007800010BD09684A0501D540B27047C905FCD5BE
:1007900000B2704709684A0501D5C0B27047C90563
:1007A000FCD580B2704770B50C460546012A05D0CD
:1007B0002878800600D5EA69002302E0012305E0DD
:1007C0005B1C934202D2E05C0028F9D1A869E618CC
:1007D000C01AA861286A184428622846FFF77CFDE1
:1007E00004E0D5E9012114F8010B9047B442F8D395
:1007F0002846FFF787FD70BD2DE9F0470D46994665
:100800009246044600F124080168880604D5E06990
:1008100021F01001216000E00120A84201DD471B0A
:1008200000E00027A1697A1902EB0900081AA0610B
:100830002078C00602D42046FFF74EFD002608E0CF
:10084000D4E901211AF806009047206A401C761C62
:1008500020624E45F4DB2078C0060AD52046FFF71B
:100860003BFD06E0D4E9012130209047206A401C7E
:100870002062381EA7F10107F4DC07E0D4E901216A
:1008800018F805009047206A401C2062281EA5F138
:100890000105F3DC2046FFF735FD2078000602D580
:1008A0000220BDE8F0870120FBE711680268006ABA
:1008B000530501D508700AE0D30501D5088006E08C
:1008C000130603D5C217C1E9000200E00860012049
:1008D00070472DE9FF4F0C461E464FF0FF378BB097
:1008E000D2E90001DDF860800A908A46C1F30A551A
:1008F00005B93D46002108464FF00000BAF1000F4F
:1009000000F4400005DA00EB80004FF4400101EAFA
:1009100050004FEA9059B9F1010F00DDB9460A982D
:1009200050EA4A000ED044F61050A5F2FF35454378
:100930002F14B8F1000F1ED07542291E1EDDC9F11B
:1009400000021CE0B8F1010F4FF0000001D030218F
:1009500003E0F24305E02154401CB042FBDB30468B
:100960000022002121540B99C1F80880C1E9002020
:100970000FB0BDE8F08FBD1B6D1CDEE74A4600DA04
:10098000694206A800F0F2FC06AB93E8070003AB4F
:1009900083E8070050460A9906F0C4FC8DE807007A
:1009A000A0F500501F3800900398002D0ADD42F298
:1009B0001F014A460844002303A90390684606F035
:1009C0002DFF09E0A0F500504A461F38002303A977
:1009D0000390684606F037FF8DE807000004000C1E
:1009E00003D04FF0FF30410800E01046B8F1000F8F
:1009F00003D00022009215461EE0751E05D400F0BB
:100A000003FC303262556D1EF9D5B346012208430E
:100A100002D000227F1C04E02078302801D100227F
:100A20007F1E002A099784D01DE0112D07DA00F0FF
:100A3000EBFB303262556D1C50EA0102F5D10843E0
:100A400002D00098C8B10EE00021681E05E0235CCA
:100A5000625C63542254401E491C8142F7DBAB4662
:100A6000A81B401E0990002004F80B000B98099A5F
:100A7000C0F80880C0E9002B7AE711264FF0000883
:100A800057E72DE9F04F88460446D21D22F00701B2
:100A900091B0D1E90001CDE90A0107F00BF8024657
:100AA0000B98C00F01D02D2007E02068810701D5E9
:100AB0002B2002E0202101EAC000032A099001D086
:100AC000072A05DB03464146204600F0E3FB0BE125
:100AD0002078800601D5E06900E00620B8F1650FB6
:100AE000814606D0B8F1660F18D0B8F1670F70D103
:100AF00031E00020B9F1110F009001DB112301E07A
:100B000009F101030AAA01A90CA8FFF7E2FEDDE939
:100B10000C70002609F10105834647E001204B4691
:100B200000904FF000470AAA01A90CA8FFF7D1FED8
:100B3000DDE90DB00C995D46002610B909F1010000
:100B40000D18B9EB050003D4C0F1FF3609F101051A
:100B5000A5EB09002BE0B9F1010F01DA4FF0010913
:100B60000020B9F1110F0090484601DD112300E08B
:100B700003460AAA01A90CA8FFF7ABFEDDE90C7039
:100B80004D4600268346207800070AD4AB4500DA9C
:100B90005D4601A8012D04DD411911F8011C302921
:100BA00007D04F4502DA17F1040F04DA012082461C
:100BB0000FE06D1EEEE7002F02DCED1B3E4403E06C
:100BC000781CA84200DD7D1CB81B00F1010A4FF023
:100BD00000472078000703D4AA4501DB4FF0FF3A15
:100BE0000021B7F1004F0DF143088DF8431024D0D8
:100BF00002202B23002F01DA7F422D230A21021E1F
:100C0000A0F1010000DC5FB197FBF1FC97FBF1F272
:100C100001FB1C7C17460CF1300C08F801CDEEE707
:100C2000A8F1010003702188090501D5452100E0E4
:100C30006521A0F1010800F8011C09980FA9A1EB9A
:100C40000807FF1D00B10120411901EBEA70A169FD
:100C50003844081A401EA0612078C00602D42046FD
:100C6000FFF73AFB099828B1D4E901219047206A9F
:100C7000401C20622078C00622D52046FFF72CFBBE
:100C80001EE0002E04DBB34502DD01A8805D00E01C
:100C90003020D4E901219047206A401C2062761C54
:100CA000AAF101005FEA000A0AD100F0A5FAC068C3
:100CB0000168405CD4E901219047206A401C206211
:100CC000281EA5F10105DCDC07E0D4E9012118F8B4
:100CD000010B9047206A401C2062381EA7F10107D3
:100CE000F3DC2046FFF70EFB032011B041E60000C5
:100CF0002DE9F04F04460D46D21D22F0070089B0C1
:100D0000D0E900974846394606F0D4FE0246F80F6F
:100D100001D02D2307E02068810701D52B2302E0B5
:100D2000202101EAC0038DF820300BB1012000E042
:100D30000020032A824601D0072A04DB29462046E8
:100D400000F0A8FA3FE12078800601D40D2500E0EC
:100D5000E569C7F30A560D2D49DA00214FEA175B02
:100D600008464FF00000002F00F4400007DA00EBC7
:100D700080004FF4400100EBD07001EA6000811563
:100D8000012901DD4FF0FF3100224FEA850CBCF153
:100D9000180F06D31346ACF118004FF08052C24032
:100DA00003E04FF4801323FA0CF30CF10C0CBCF1AC
:100DB000200F04D3ACF1200C09FA0CF001E007FA83
:100DC0000CF000294FF0004801DD18B90FE00ED1FA
:100DD00040450CD319EB02095F4121B9404502D1CE
:100DE0009F4329EA0209BBEB175F00D0761C2088DD
:100DF000000502D57B48784402E07A4878441938E7
:100E000008AA302302F80A30037C0AF10101002EFF
:100E10000AF1020A53546A4602DC4FF0300101E045
:100E20004FF031014FF001088DF8001002D0A6F20A
:100E3000FF3603E059EA470100D06B4E002D02DC7B
:100E40002178090704D54FF002082E218DF80110F2
:100E5000C44600210BE0C7F303433F01C35C491CB8
:100E60006D1E02F80830052908F1010801DA002D8D
:100E7000F1DC00210CE000EB1973491C1B786D1E9E
:100E8000082902F808304FEA091908F1010801DAC7
:100E9000002DF0DC21688B0602D516E0A8F10108D0
:100EA000E04505DD02EB080313F8013C302BF5D0DB
:100EB000B8F1000F09DD02EB080313F8013C2E2BFB
:100EC00003D1090701D4A8F10108002D05DD3E2159
:100ED00002F808106D1E08F10108407C002E02F88F
:100EE000080008F1010804DA2D20764202F8080013
:100EF00002E02B2002F808000A214FF47A708642A3
:100F000008F101080BDB96FBF0F3303302F80830F0
:100F100096FBF0F308F1010800FB136601E0642E74
:100F20000CDB642096FBF0F3303302F8083096FBBC
:100F3000F0F308F1010800FB136601E00A2E06DB5E
:100F400096FBF1F0303002F8080008F1010896FB3A
:100F5000F1F001FB1060303002F80800A16908F1DF
:100F6000010808EB050202EB0A00081AA0612078CC
:100F7000C00602D42046FFF7AFF9216A08AE01EBA4
:100F80000A00206204E0D4E9012116F8010B904721
:100F9000BAF1010AF7D22078C00602D52046FFF741
:100FA0009BF96E4609E016F8010B3E280FD0D4E9F4
:100FB00001219047206A401C2062B8F10108F2D25A
:100FC0002046FFF79FF909B00320BDE8F08F206AA3
:100FD0002844206203E0D4E90121302090476D1EAF
:100FE000EBD3F8E7A07D000002FCFFFF01694A1C7B
:100FF00002610878704700B58FB0CDE9013100215A
:10100000059105497944CDE9031011466846FFF77B
:1010100049FA0FB000BD0000E5FFFFFF0A6802F8C3
:10102000010B0A607047D1E900239A4202D2531C97
:101030000B601070704700002DE9FF5F15468A466F
:101040000446DFF8AC80F8440027D8E900103E469B
:10105000CDE9001010E03AF816106A4602A800F038
:10106000F7F9411C07D02178890603D5E2693918C0
:1010700091420DD80744761C2078800602D5E0699D
:10108000B84205DDAE42E6DB3AF816000028E2D1B0
:10109000A069C01BA0612046FFF71EF9D8E9001027
:1010A000CDE90010002017E03AF818106A4602A8AF
:1010B00000F0CEF9B0F1FF3F81460BD000250DF1D5
:1010C000080B05E0D4E901211BF8050090476D1CD1
:1010D0004D45F7D308F10100B0428046E4DB206AB9
:1010E000384420622046FFF70DF9BDE8FF9F00005D
:1010F000667B00002DE9F0418046D21D22F00702F8
:101100000025D2E90002F52915A614D0011E72F1BE
:10111000000106DA0023D0EB030063EB020211A604
:1011200008E0D8F800108B0701D50FA602E04907A8
:1011300001D50EA601251146002408F1240704E07C
:1011400000F062F830323A55641C50EA0102F7D1DF
:101150002B46324621464046BDE8F041FFF74CBBE6
:10116000000000002D0000002B0000002000000007
:1011700010B5002000F090F9FFF74CF8BDE81040E2
:10118000012000F033B810B5203AC0F00B80B1E870
:101190001850A0E81850B1E81850A0E81850203AAC
:1011A000BFF4F5AF5FEA027C24BFB1E81850A0E8B5
:1011B000185044BF18C918C0BDE810405FEA827CCF
:1011C00024BF51F8043B40F8043B08BF7047D207E6
:1011D00028BF31F8023B48BF11F8012B28BF20F887
:1011E000023B48BF00F8012B70470000014918205E
:1011F000ABBEFEE726000200004870471801002041
:1012000000487047F800002030B5B0F10A0271F1D3
:1012100000034FEA900E4EEA817EB0EB0E0061EBC8
:1012200091014FEA101E4EEA017E10EB0E0041EBD9
:1012300011114FEA102E4EEA016E10EB0E0041EB39
:1012400011214FEA104E4EEA014E10EB0E0041EB19
:101250001141401841F100014FEAD00040EA4170CD
:101260004FEAD1014FEA810444EA907410EB800503
:1012700044EB01046D1944EB0404521BA3414FF0ED
:10128000000348BF0A3200D530BD401C41F10001C7
:1012900030BD00002DE9F0411F46044603260168D9
:1012A000072A01F4006004DB08B116A505E016A5C5
:1012B00003E008B115A500E015A521F0100020609D
:1012C000A069C01EA0610FB1401EA0612046FFF7BB
:1012D00003F84FB1D4E9012138469047206A401CF9
:1012E0002062C01C206206E0206AFAE7D4E90121EE
:1012F00015F8010B9047761EF8D22046FFF702F84A
:10130000BDE8F0814E414E006E616E00494E4600D0
:10131000696E660010B5436913B1AFF3008001E058
:10132000FFF741FA012010BD127800F124010A7084
:1013300000224A700122EDE711684FF0FF32E9E721
:1013400010B5436913B1AFF3008001E0FFF774FEFD
:10135000012010BD128800F1240182840022C28481
:101360000122EDE711684FF0FF32E9E72DE9F04780
:10137000814616468AB0354878440DC88DE80D0080
:1013800032487844801C03AC0DC884E80D0041F657
:101390009B300844372190FBF1F290FBF1F5A5F169
:1013A000800501FB12041B3C02D56442012000E0D1
:1013B0000020DFF898A080460027FA44AAF1BE0A70
:1013C0000EE0E0070AD03246684607EB47010123EA
:1013D0000AEB810106F037FA8DE8070064107F1CE4
:1013E000002CEED1194F7F44AE3F19E0E80715D02D
:1013F00007EB04100DF1180A90E80E008AE80E00C1
:10140000C068F04201D1981908903246012306A91C
:1014100003A806F018FA03AB83E807006D10641CFC
:10142000002DE3D14FF0010332466946B8F1000FB9
:1014300003A802D006F0F2F901E006F004FAC9E9C7
:101440000001C9F808200AB0BDE8F087B8780000AC
:101450002DE9F04116460C46054600F04FF80368AA
:1014600093F80101012807D0FF2C12D8185D80B134
:1014700001202C70BDE8F081D3F8070132462146E7
:1014800003F20713C7182846BC46BDE8F041002305
:1014900060474FF0FF30EDE710B500F045F8BDE8CC
:1014A000104000F03CB8000000487047F8000020F1
:1014B00070477546FFF7F8FFAE460500694653468C
:1014C00020F00700854618B020B5FEF7C3FEBDE842
:1014D00020404FF000064FF000074FF000084FF09B
:1014E000000BAC46ACE8C009ACE8C009ACE8C009E8
:1014F000ACE8C00921F007018D46704710B5FFF731
:101500007BFE001D10BD00BFD566000010B504466F
:10151000AFF300802046BDE81040FEF786BE0028ED
:1015200001D0FFF763BE704710B5002102A000F0A4
:1015300053F8012010BD0000534947414252543A2C
:101540002041626E6F726D616C207465726D696EA0
:101550006174696F6E0000004FF0013C50F8042B7D
:1015600051F8043B9A4221D1A2EB0C03934313EAB6
:10157000CC1317D150F8042B51F8043B9A4215D1E3
:10158000A2EB0C03934313EACC130BD150F8042BBA
:1015900051F8043B9A4209D1A2EB0C03934313EA9E
:1015A000CC13DBD04FF00000704700BFD01A01BA57
:1015B000B1FA81F101F0180122FA01F0CB40DBB25F
:1015C000C0B2C01AC1F120012CFA01F3D11A914323
:1015D00011EAC311E6D1704770B505460C460A20E2
:1015E00000E06D1C00F011F835B128780028F8D122
:1015F00002E0641C00F009F814B120780028F8D14A
:10160000BDE870400A20AFF3008008B569468DF848
:1016100000000320ABBE08BDB0B504460068816879
:10162000C9071DD0816821F00101816000F004FD2F
:10163000054620688068C00712D000F0FDFC401B02
:101640000328F6D320688068C007F2D0A06A40F073
:101650001000A062E06A40F00100E0620120B0BD2D
:101660000020B0BDBCB504460020019021688A6806
:10167000D2072DD1886840F001008860D448D54950
:101680000068B0FBF1F001E0019801380190019889
:101690000028F9D100F0D0FC054620688068C0071A
:1016A00015D100F0C9FC401B0328F6D320688068E0
:1016B000C007F2D1A06A40F01000A062002084F8B8
:1016C0002400E06A40F00100E062012000E0002018
:1016D00002B0B0BD70B5164E06F10804204600F009
:1016E000DBFA054690B920460A2100F02FFA20B116
:1016F0000546204600F02EFB08E0204600F06CF97D
:101700003060204600F0C8FA054608B1284670BD92
:1017100020460A2100F01AFA0028E9D1204600F0FC
:101720005BF970602046BDE8704000F013BB00BF5D
:1017300058010020FEE70000B0B52D4D0446A86812
:1017400008B900F037F868681949002260430C684E
:101750000B68A342FCD06FEA04051A4488BF6542B7
:101760001C462A44824228BFB0BDF1E770B510483C
:101770001F4C06686568A06808B900F01BF8E068AF
:10178000864212D0C1438642E66088BF414270184B
:10179000216908448542206107D8B0FBF5F101FBBF
:1017A00015002061606908446061606970BD00BF18
:1017B000041000E080B50C48016841F080710160C0
:1017C0000A4800214160016841F00101016001F017
:1017D000C1F807497F4A08600868B0FBF2F048602A
:1017E00001208860002080BDFCED00E0001000E0DA
:1017F000900100207047EFF3108072B6FEE7000002
:101800007CB504460020019094F82400012801D101
:10181000022559E0012084F824002046FFF7FCFE51
:101820002046FFF71FFF054600284AD1A06A41F273
:10183000021188430230A06265480668022000F069
:10184000F7FEB6FBF0F0400001E00198013801908E
:1018500001980028F9D12068816841F00801816071
:1018600000F0EAFB064620688168090709D500F008
:10187000E3FB801B0B28F6D3206880680007F2D5B5
:1018800013E0816841F00401816000F0D5FB064659
:101890002068806840070DD500F0CEFB801B0B2828
:1018A000F6D3206880684007F2D5012510206FF03C
:1018B000120102E001206FF00301A26A1140084307
:1018C000A062002084F82400284602B070BD00BF4A
:1018D00078B50022009290F82420012A01D102213B
:1018E00058E0012280F82420D0F800C04B686246FE
:1018F000062B05D852F8344F03EB83035D1F0EE02F
:101900000C2B06D852F8304F03EB8303A3F12305C9
:1019100005E003EB830352F82C4FA3F141050B685C
:101920001F2603FA05FE06FA05F5092B24EA05042D
:101930004EEA040616601CD903EB4306DCF80C20C3
:10194000896807251E3EB14005FA06F6B2431143E9
:10195000CCF80C1023F00101102917D11B49A1F17B
:101960000802944519D0816A41F020018162012169
:101970000DE003EB43020723DCF810608968934015
:1019800026EA030391401943CCF8101000210022ED
:1019900080F82420084601B070BD0A681202F5D410
:1019A0000A68102B42F400020A60EFD1B449094AD8
:1019B0000968B1FBF2F101EB8101490001E00099F6
:1019C0000139009100990029F9D1DFE7082401408D
:1019D0001800002040420F000068C06C70470000F3
:1019E000C8B3B0B50546044655F8280F30B90020F5
:1019F00084F82400E062204600F07AF82046FFF7E1
:101A00000BFEA26AA16A40BB12F0100025D141F280
:101A1000021021EA00000230A062D4E90101E2696B
:101A2000237B10434A1EB1F5807FB2FA82F240EA6E
:101A3000430C4FEA52100A4618BF0202207D0128CB
:101A400016D173B1A06A40F02000A062E06A40F0B5
:101A50000100E0620CE00120704741F0100101201C
:101A60003CE0A0691E4B03EB4030104340F40062A1
:101A70002368B1F5807F586820F4694040EA02008D
:101A8000184A5860986800EA020040EA0C00986022
:101A900001D0012904D12069134901EB005100E074
:101AA0000021D86A20F4700008431049D862986871
:101AB0000840604506D100200122E062A16A62F37D
:101AC00001010BE0A06A40F0100020F00200A062CB
:101AD00054F82C0F40F00101012025462960B0BDCB
:101AE00000E0FFFFFDF7E1FF0000F0FFFE0E1FFF2B
:101AF000FEB501460020CDE90400CDE90200114801
:101B0000096800F5E052914219D10F490A6842F480
:101B100000720A600A6802F400720192019A0A686F
:101B200042F004020A60096801F004010191019980
:101B3000032103911821029102A900F0A7F906B030
:101B400080BD00BF00080140181002402DE9FC4193
:101B500000260D460446019600F06EFA8046206885
:101B60008168C90528D44168C90503D4C16A11F444
:101B7000700F29D042480668022000F059FD216804
:101B8000404BB6FBF0F00A691A4203D1CA683E4BDB
:101B90001A422BD00A693D4B1A4203D1CA683C4B0A
:101BA0001A422ED00F693B4BFC221F422AD1C96832
:101BB000194208BF542225E084F82460A06A40F04E
:101BC0002000A062012057E06F1C016889072FD414
:101BD000002FFAD035B100F02FFAA0EB08012068F1
:101BE000A942F2D901688907EFD43DE00B69274E7D
:101BF0002922334206D1C968254B194208BF142255
:101C000000E0542202FB00F76E1C0DE04EB12DB136
:101C100000F012FAA0EB0800A84202D90198B842DD
:101C200022D30198013001900198B842EED3206888
:101C30006FF012010160A16A41F40071A162806835
:101C400000F46020B0F5602F0CD1207B50B9A06A61
:101C500020F48070A062A06AC0045EBFA06A40F059
:101C60000100A062002007E0002084F82400A06AA0
:101C700040F00400A062032002B0BDE8F08100BF84
:101C800018000020244992242449920092244912E9
:101C90009224490049922400B0B5044690F82400EB
:101CA000012804BF0220B0BD012084F82400204692
:101CB000FFF7D8FC18B1002184F82410B0BD2068CB
:101CC000A16A234D40F20132914305F57F7201F57F
:101CD00080719042A16205D0A16A21F48011A162B5
:101CE000416808E0296811F4702FF5D0A16A41F429
:101CF0008011A1622968490504D5A16A012363F313
:101D00000D31A162A16A0023C9044FF0000144BF54
:101D1000E16A21F0060184F82430E1626FF00201EB
:101D20000160816801F46021B1F5602F05D1904216
:101D300007D1296811F4702F03D0816841F4801114
:101D400002E0816841F4A00181600020B0BD00BFC5
:101D50000424014010B5044690F82400012804BF73
:101D6000022010BD012084F824002046FFF754FC17
:101D700028B9A16A41F2011291430131A162002107
:101D800084F8241010BD90F82110022912D10168A6
:101D900001230A6822F00E020A600A6822F001029A
:101DA0000A60D0E90F1203FA02F24A60002180F8BB
:101DB000213002E0042181630121002280F82020EB
:101DC0000846704780B590F8211002291DD103689C
:101DD000204A4FF0010C1968934221F00E0119605E
:101DE000196821F001011960194912D01A4A934269
:101DF00011D01A4A934210D0194A934210D0194A6E
:101E0000934210D14FF4803215E004218163012107
:101E10001BE001220FE010220DE04FF480720AE077
:101E20004FF4805207E001F1680E4FF08072734565
:101E300008BF4FF480120A60002180F8201080F85B
:101E400021C0426B0AB190470021084680BD00BF07
:101E500004000240080002401C0002403000024022
:101E60004400024058000240B0B5044600F0E4F8D7
:101E700005460548611C007818BF044400F0DCF8F2
:101E8000401BA042FAD3B0BD000000202DE9FC4F5A
:101E9000594A04234FF0000B4FF001084FF00F0E8A
:101EA0004FF000090025904208BF032300930A6801
:101EB00032FA05F308BFBDE8FC8F08FA05F73A428D
:101EC00000F095804A68032A16D9112A24D0122AD4
:101ED00026D04D4B9A4213D04C4B9A4210D04C4BCB
:101EE0009A420DD04B4B9A420AD04B4B9A4207D0A4
:101EF0004A4B9A4204D020E0DFE802F00216191D96
:101F00008A6832B1012A4FF0080914BF476107619E
:101F100013E04FF0040910E0CA6802F104090CE074
:101F2000CA6802F10C0908E0D1F80C9005E0CA6813
:101F300002F1080901E04FF00009082D5A46044655
:101F400028BF203A28BF043426680EFA02F309FAA3
:101F500002F226EA03031A432260CA79D20646D562
:101F6000284A0BF00C0C1346126842F001021A606A
:101F70001A680EFA0CF302F0010201921F4A019C4A
:101F8000AC08A2F57E7656F8242022EA030A244AF9
:101F9000904208D0234A904207D0234A009B9042A7
:101FA00008BF022302E0002300E0012303FA0CF241
:101FB00042EA0A0246F82420104E114C4A68D30225
:101FC000B36854BFBB433B43B3609302236854BF21
:101FD000BB433B4323609303736854BFBB433B4302
:101FE000D2037360326854BFBA433A4332600BF194
:101FF000040B01355BE700BF001401400004014001
:102000000C040140181002400000111000001210D2
:1020100000002110000022100000311000003210DA
:1020200000080140000C014000100140002A08BFD8
:10203000090401617047000001480068704700BF53
:10204000300A002070B560B3044690F83D0028B90E
:10205000002084F83C00204600F004FA242084F894
:102060003D002068016821F001010160016841F430
:1020700000410160016821F40041016000F054FC5E
:102080004849494B0022494E88424FF0000138BF71
:102090000121984238BF01226368B34238BF0A4623
:1020A0000AB1012070BD4249B342B0FBF1F2216890
:1020B0004D6825F03F0545EA02054D600D6A25F0A3
:1020C0003F0C06D34FF4967672434FF47A76B2FB08
:1020D000F6F201324CF6FF76013842EA0C020A624F
:1020E000CA6922EA060C334A934209D85A00B0FB67
:1020F000F2F001306FF31F30042898BF042028E06D
:10210000A26842B119265E43B0FBF6F6751C0426A0
:1021100066F31F3506E003EB4306B0FBF6F6751CCD
:102120006FF31F352E0509D052B119225A43B0FB67
:10213000F2F00422013062F31F3008E0012008E0D1
:1021400003EB4302B0FBF2F001306FF31F3040F4B9
:10215000004040EA0C00C8610868D4E9072320F079
:10216000C000104348F2FF3218430860886890436B
:10217000D4E90323184310438860C868D4E90523D1
:1021800020F0FF0010431843C860086840F00100C9
:10219000086000202021206484F83D10206384F82A
:1021A0003E0070BD80841E0000093D00A186010034
:1021B00040420F00A08601002DE9F04F85B0044693
:1021C00000201F4616460D460490FFF735FF814656
:1021D00094F83D0020280CD19F4920460122192364
:1021E000CDF8009001F004FB18B994F83C000128E8
:1021F00003D1022005B0BDE8F08F0DF138080122AF
:1022000098E8030184F83C2022681368DB0702BFCA
:10221000136843F001031360136823F40063136031
:1022200022223B4684F83D20402284F83E200022B2
:1022300022646185606289493246608DE162294687
:1022400020852046CDE9008901F050FA002840F0B1
:102250000181218D01290DD011BB00200390206840
:1022600041690391816903910399016841F4007107
:10227000016037E02068016821F480610160EFF3BC
:10228000108072B600200390206841690391816933
:1022900003910399016841F40071016062B621E085
:1022A00020680229026813D142F400610160EFF353
:1022B000108072B600200390206841690391816903
:1022C00003910399016821F48061016062B609E01D
:1022D00042F48061016000210391416903918069AA
:1022E00003900398208D5E4FDFF8DCA946F2A81B0F
:1022F000232595E086B2032E0AD8012E2BD1204645
:1023000041464A4601F018FB002800F07C80A1E01D
:10231000204641464A4601F00FFB002840F09A80D3
:1023200020680069616A0870606A2168421C626204
:10233000208D01382085638D013B63854B695B07E8
:102340006ED580B2032802BF086820F48060086060
:10235000086910705BE02046394600224346CDF8FC
:10236000009001F045FA022E17D1002872D1EFF348
:10237000108072B62068016841F400710160006944
:10238000616A0870606A01306062608D0138608542
:10239000208D0138208562B635E000285AD12068AA
:1023A000016821F480610160EFF3108072B620684B
:1023B0000069616A0870606A01306062618D01398C
:1023C0006185218D01392185DAF80010B1FBFBF11F
:1023D00069430491049901390491049961B3216816
:1023E0004A695207F6D50A6842F400720A60096920
:1023F0000170606A01306062208D01382085608D37
:102400000138608562B620680069616A0870606A98
:1024100001306062208D01382085618D0139618530
:1024200001047FF467AF202084F83D00002084F889
:102430003C0084F83E00DDE600202021206384F883
:102440003D1084F83E00216C41F02001216462B609
:1024500084F83C000120CDE6020010000000FFFFE0
:102460000400010010B586B00021CDE90411CDE9CA
:1024700002112149006888421ED02049884239D182
:102480004B4C02A9206840F008002060206800F052
:1024900008000190019812200390C02002900320B0
:1024A00005901748FFF7F2FC606840F40010606088
:1024B000606800F400101BE03D4C02A9206840F069
:1024C00008002060206800F00800019001981220A8
:1024D00003904FF440600290032005900848FFF7F6
:1024E000D5FC606840F480006060606800F48000A3
:1024F0000190019806B010BD005800400054004003
:10250000000C01401B48034900780A681044086029
:10251000704700BF300A002080B50748016841F0CD
:1025200010010160032000F073F80F2000F006F89E
:1025300000F022F8002080BD0020024070B50D4E52
:1025400004464FF47A713078B1FBF0F0F449096831
:10255000B1FBF0F000F0BCFB01250F2C08D838B916
:102560004FF0FF3021460022002500F033F8746060
:10257000284670BD0000002082B00D48022201688C
:1025800041F001010160016801F00101019101992F
:10259000416841F080514160406800F080500090F7
:1025A00000980448016862F31A61016002B0704744
:1025B0001810024004000140002808DB00F01F0151
:1025C0000122400902FA01F1014A42F82010704745
:1025D00000E100E080B5144B1B68C3F3022CBCF192
:1025E000030E8CF007034FF0FF3C38BF4FF0000E96
:1025F000042B28BF04230CFA03F399430CFA0EF3BF
:1026000001FA0EF19A431143BDE8804004F08EBDFB
:1026100005494FF6FF030A681A4060F30A2203488F
:1026200010430860704700BF0CED00E00000FA05A1
:10263000012811D0022822D010284ED128494A68FA
:102640000868C00149D5C2F3834026A3D203185CB1
:1026500024D4D54A50432AE02149086A00F4407244
:10266000B2F5407F2CD0B2F5007F30D0B2F5807F3C
:1026700033D1800744BF4FF4004070472DE080B550
:1026800000F05CF9164902224968C1F3813102EB7E
:102690004101B0FBF1F0BDE8804070474A6815A3E6
:1026A000C2F340429A5CBA4BB3FBF2F25043496822
:1026B000490248BF704740000321B0FBF1F070476A
:1026C00008684FF22441800301EAE0707047486ACD
:1026D000800744BF49F6404070470020704700BF64
:1026E0000010024002030405060708090A0B0C0D3E
:1026F0000E0F1010010200002DE9FC410446007885
:10270000A24EC00756D0B069C0000BD4B0694FF0DC
:10271000010840F08050B061B06900F08050019035
:10272000019801E04FF000082D4F3868C00510D423
:10273000386840F480703860FFF77EFC05463868E2
:10274000C00506D4FFF778FC401B6428F7D90320A6
:1027500042E0F06910F440701ED0616801F44071ED
:10276000884219D01F49F06901220A6000220A60DC
:1027700020F44071C007F1610ED0FFF75DFC054603
:1027800041F28837F069800706D4FFF755FC411BFA
:102790000320B942F6D91FE0F0696168B8F1000F73
:1027A00020F4407040EA0100F0611EBFB06920F0E3
:1027B0008050B0612068810705D53168A26821F496
:1027C000404111433160C00605D53068E16820F40E
:1027D000800008433060002002B0BDE8F08100BFF7
:1027E00000700040400442422DE9F843002800F008
:1027F0008E80884648490446086800F00700404536
:102800000AD2086820F0070040EA0800086008685B
:1028100000F0070040457AD120685C4B894681076B
:1028200011D5410742BF196841F4E0611960010701
:1028300042BF196841F4605119601968A26821F01B
:10284000F00111431960C0072AD06068012804D143
:1028500053F8041C890309D459E053F8041C0228D6
:1028600002D1890102D452E0890750D519681D466A
:1028700021F0030108431860FFF7DEFB064641F232
:102880008837286861682B4600F00C00B0EB810F98
:1028900006D0FFF7D1FB801BB842F2D9032037E006
:1028A000D9F8000000F0070040450DD9D9F8000024
:1028B00020F0070040EA0800C9F80000D9F800003D
:1028C00000F00700404522D12068410705D519686E
:1028D000E26821F4E06111431960000706D5186829
:1028E000216920F4605040EAC10018601C4600F0E5
:1028F00031F82168094AC1F30311515CC840F2491B
:10290000086008480068FFF719FE002000E0012079
:1029100001B0BDE8F08300BF002002404C8C0008ED
:102920001800002004000020E7481849084A006801
:102930000968C1F30221515CC8407047E24813495D
:10294000034A00680968C1F3C221515CC84070475E
:102950005C8C000810B50D4C0D48226802F00C0389
:10296000082B18BF10BDC2F383430AA1CB5CD1036F
:1029700002D40D48584310BD21680AA25843C1F340
:102980004041515CB0FBF1F010BD00BF04100240AB
:1029900000127A0002030405060708090A0B0C0D51
:1029A0000E0F10100102000000093D002DE9FC414E
:1029B000002800F0408104460078C14EC0074AD08C
:1029C000706800F00C00042817D0706800F00C004C
:1029D000082802D17068C0030FD4606898B1B0F5C0
:1029E000803F06D03168B0F5A02F21D141F480207E
:1029F0003060306840F4803020E0306880032AD5B1
:102A0000606840BB17E1306820F480303060306887
:102A100020F480203060FFF70FFB0546306880030C
:102A200019D5FFF709FB411B03206429F6D903E1FF
:102A300021F480303060306820F480203060FFF76F
:102A4000FBFA05463068800305D4FFF7F5FA401B12
:102A50006428F7D9D1E0207880072BD5706810F072
:102A60000C0F07D0706800F00C00082809D17068BE
:102A7000C00306D43068800715D52069012812D01C
:102A8000D9E021698F4800297CD001210160FFF73E
:102A9000D3FA05463068800705D4FFF7CDFA401B0E
:102AA0000228F7D9A9E03068616920F0F80040EA0F
:102AB000C1003060207800072ED5A06978B1814828
:102AC0000121C0F88014FFF7B7FA0546706A800745
:102AD00015D4FFF7B1FA401B0228F7D98DE07948E9
:102AE0000021C0F88014FFF7A7FA0546706A800736
:102AF00012D5FFF7A1FA401B0228F7D97DE07248F2
:102B00004FF4FA510068B0FBF1F0019000BF01985A
:102B1000411E00280191F9D12078400776D5F0694F
:102B2000C0000BD4F0694FF0010840F08050F06114
:102B3000F06900F080500090009801E04FF000082C
:102B4000624F3868C0050FD4386840F48070386030
:102B5000FFF772FA05463868C00505D4FFF76CFA2E
:102B6000401B6428F7D948E0E068D8B1012805D0B7
:102B7000316A05282DD141F004003062306A40F0FE
:102B800001002CE000210160FFF756FA054630688D
:102B900080077FF58FAFFFF74FFA411B0320022913
:102BA000F5D949E0306A20F001003062306A20F047
:102BB00004003062FFF740FA054641F28837306A78
:102BC00080071CD5FFF738FA411B0320B942F6D91C
:102BD00032E021F001003062306A20F004003062FF
:102BE000FFF72AFA054641F28837306A800706D493
:102BF000FFF722FA401BB842F7D903201CE0B8F1D6
:102C0000000F1EBFF06920F08050F061E769002FCF
:102C100053D0706800F00C00082810D1012F0AD0A2
:102C20007068216A00F480328A4204D1616A00F43B
:102C30007010884241D0012002B0BDE8F0812149E6
:102C4000002088460866FFF7F7F90546022F0AD1EB
:102C500047463068800110D5FFF7EEF9411B03208D
:102C60000229F6D9E8E73068800126D5FFF7E4F9B4
:102C7000411B03200229F6D9DEE7206AB0F5803F28
:102C800005D17168A26821F4003111437160716847
:102C9000626A104321F474110843706001203866A1
:102CA000FFF7CAF904463068800106D4FFF7C4F97B
:102CB000011B03200229F6D9BEE70020BCE700BFB4
:102CC0000010024000004242180000200070004046
:102CD000411E0020B0EB116F1CBF01207047044A59
:102CE000F023516003490B70072190601160704719
:102CF00010E000E023ED00E07047704790F83C30B2
:102D00000222012B28D080B580F83D20012280F8D6
:102D10003C2002685368D2F808C0B2F1804F23F01B
:102D2000700E0B6843EA0E035360BDE8804008D084
:102D30004D4B9A4205D04D4B9A4202D04C4B9A4291
:102D400004D149682CF080031943916000220121CD
:102D500080F83C2080F83D101046704740B310B515
:102D6000044690F83D0028B9002084F83C00204635
:102D700000F020F80220211D84F83D00206801F0B9
:102D800007FA012084F8460084F83E0084F83F00EA
:102D900084F8400084F8410084F8420084F843003D
:102DA00084F8440084F8450084F83D00002010BDFC
:102DB00001207047E0B500682D49884217D0B0F176
:102DC000804F18BF8CBD14480022016841F00101FA
:102DD00001600021006800F00100019001981C20B2
:102DE000FFF7F8FB1C20BDE88C40FFF7E5BB0A4865
:102DF0000022016841F0040101600021006800F038
:102E00000400009000981E20FFF7E4FB1E20BDE8A0
:102E10008C40FFF7D1BB00BF1C10024090F83D1062
:102E200001291CBF01207047022180F83D10006875
:102E3000C168B0F1804F41F00101C16008D00A497A
:102E4000884205D00949884202D00949884204D104
:102E5000816801F00701062903D0016841F00101F2
:102E600001600020704700BF00040040002C0140BA
:102E70000008004010B590F83C2004460220012ACA
:102E800008BF10BD84F83D0001204FF6777384F829
:102E90003C00206882689A4382600A6812B3102A54
:102EA00020D0202A1ED0302A1CD0402A21D0502ADF
:102EB0002BD0602A35D0B2F5005F3ED0B2F5805FEE
:102EC0004AD0702A50D1D1E90123C9681A4342EA95
:102ED0000121826822F47F4211438160816841F0C0
:102EE000770138E0816821F07001114341F007015A
:102EF00031E04B68CA68194601F03EFA20688168E3
:102F000041F0470121F0300125E04B68CA681946BD
:102F100001F032FA2068816841F0570121F0200168
:102F200019E04B68CA68194601F037FA20688168D1
:102F300041F0670121F010010DE0D1E90123C968DA
:102F40001A4342EA0121826822F47F4211438160E0
:102F5000816841F4804181600020002184F83C10A8
:102F6000012184F83D1010BD0120F6E77047B0B58F
:102F700004460068C168026902EA0105A90713D581
:102F80006FF002010161012121778069800703D080
:102F90002046FFF7EBFF05E0204600F097F82046BB
:102FA00000F00FF900202077680715D520686FF032
:102FB0000401016102212177806910F4407F03D070
:102FC0002046FFF7D3FF05E0204600F07FF82046BB
:102FD00000F0F7F800202077280714D520686FF05C
:102FE0000801016104212177C069800703D02046D0
:102FF000FFF7BCFF05E0204600F068F8204600F02F
:10300000E0F800202077E80615D520686FF0100161
:10301000016108212177C06910F4407F03D0204668
:10302000FFF7A4FF05E0204600F050F8204600F02E
:10303000C8F800202077E80706D020686FF001016B
:103040000161204600F00AF9280606D520686FF0D5
:10305000800101612046FFF74FFE680606D5206813
:103060006FF040010161204600F010F9A80658BF3A
:10307000B0BD20686FF0200101612046BDE8B0407E
:10308000FFF73BBEFEB50021CDE90411CDE90211E9
:103090000068B0F1804F13D10A48016841F0040183
:1030A000016002A9006800F004000190019802206C
:1030B000039007200290032005900348FEF7E6FEE8
:1030C00006B080BD181002400008014070470000A3
:1030D000B0B5044690F83C00012804BF0220B0BD02
:1030E0000D464FEAB2010120032984F83C0037D88D
:1030F000DFE801F0020A12222068294601F08AF86E
:10310000206850F8181F0EE02068294601F0AEF83C
:10311000206850F8181F16E02068294601F0D6F8FC
:10312000206850F81C1F41F008010160016821F07F
:103130000401016029690FE02068294601F0F6F8D2
:10314000206850F81C1F41F400610160016821F4FF
:103150008061016029690902026811430160002051
:10316000002184F83C10B0BD40B310B5044690F87F
:103170003D0028B9002084F83C00204600F020F8EB
:103180000220211D84F83D00206801F001F8012093
:1031900084F8460084F83E0084F83F0084F840003C
:1031A00084F8410084F8420084F8430084F8440025
:1031B00084F8450084F83D00002010BD01207047D0
:1031C0007047704710B5044641B1082909D0042959
:1031D00014BF04F1410004F13F0004E004F13E009B
:1031E00001E004F14000007801281CBF012010BD5F
:1031F000022041B1082909D0042914BF84F84100F4
:1032000084F83F0004E084F83E0001E084F84000C8
:103210002068012200F0EEFF20680E49884209D0A4
:10322000B0F1804F0AD01649884207D00A49884237
:1032300004D008E04A6C42F400424A64816801F01C
:103240000701062903D0016841F001010160002057
:1032500010BD00BF002C0140000400400068084978
:10326000884218BF704710B5064C204603F076FE22
:10327000054801682046BDE8104003F043BC00BF8C
:1032800000080040780800201C00002070477047AC
:10329000704700007CB50446006802680146C568B6
:1032A00051F8143F5FEA027C65D005F4907603F094
:1032B000010E1EEB060367D0D0071FBF15F4807008
:1032C000606C40F001006064500706D5BEF1000F4D
:1032D0001EBF606C40F002006064900706D5BEF12E
:1032E000000F1EBF606C40F004006064BCF1000F72
:1032F00008D505F0200010EB0E001EBF606C40F0FA
:1033000008006064606C002800F0008105EA02009B
:10331000800605D5204601F095F8206800F11401DB
:103320000868616C00F0400001F00801401800F0EE
:10333000DB80204601F049F820684169490601D444
:10334000CDE0206850E8050F216820F0400041E8FA
:103350000502002AF5D1E06B002800F0C08070491A
:103360004163FEF72FFD002800F0D080E06B416B39
:10337000BDE87C40084705EA02018A0606D52046DA
:10338000BDE87C4001F05EB805EA0201226BCB0685
:103390003CD5012A3AD1002101910168019141688F
:1033A000019101994169490640D4E18DA28DE38DD7
:1033B000002B00F0AB80511A0A0401D1A6E020686E
:1033C00050E8030F226820F4907042E80303002BBA
:1033D000F5D1206850E8050F226820F0010042E88E
:1033E0000503002BF5D1202084F842000020206343
:1033F000206850E8030F226820F0100042E8030321
:10340000002BF5D1022089B2606353E00A0656D43E
:1034100049067BD5C16821F04001C160202084F8B5
:1034200041002046BDE87C4000F046B9E26B1168DF
:103430004B689DB2002D69D0A18D8D4266D2E38587
:103440009269202A01D130E0206850E8030F2168FA
:1034500020F4807041E80302002AF5D1206850E88A
:10346000050F216820F0010041E80502002AF5D18E
:10347000206850E8050F216820F0400041E805026F
:10348000002AF5D1202084F8420000202063206823
:1034900050E8030F216820F0100041E80302002AE1
:1034A000F5D1E06BFEF76FFCA18D02206063E08D2B
:1034B000081A81B22046BDE87C40FFF7E8BE94F8C8
:1034C0004110212922D1A168B1F5805F01D1216984
:1034D00081B1216A4A1C22620978416011E02046CC
:1034E000BDE87C40FFF7D4BE2046FFF7D1FE0020A8
:1034F00060647CBD216A31F8022B6FF35F22426069
:103500002162E18C0139E184090400D07CBDC168ED
:1035100021F08001C160C16841F04001C1607CBD03
:10352000BF43000858B310B5044690F8410028B9CD
:10353000002084F84000204600F024F8242084F87D
:1035400041002068C16821F40051C160204600F0AC
:10355000FBFF2068016921F490410161416921F07C
:103560002A014161C16841F40051C160002020215D
:10357000606484F8411084F84210606310BD01203B
:103580007047000070B586B000261E4CCDE9046679
:10359000CDE90266006804F5405188422FD11A48EF
:1035A00002AD016841F480410160016801F480418D
:1035B00001910199016841F0040101602946006808
:1035C00000F0040001900198022003904FF4007075
:1035D0000290032005902046FEF758FC4FF48060CF
:1035E00003962946029020460496FEF74FFC2520BC
:1035F00000210022FEF7EEFF2520FEF7DDFF06B0DA
:1036000070BD00BF000801401810024070472DE94E
:10361000F843044690F8410020281DD18846012037
:10362000002946D01746002A43D04FF00009212038
:103630001D46C4F8449084F84100FEF7FDFCA784C1
:10364000E7840646A068B0F5805F07D12769002FA0
:103650000CBFC146474618E002202AE0474614E066
:103660002046802132462B4600F0B0FFE8B92068A2
:1036700017B117F8011B04E039F8021B00276FF39C
:103680005F214160E08C0138E084E08C0028E7D1C4
:103690002046402132462B4600F098FF202100288A
:1036A00084F8411018BF032003E0202084F8410073
:1036B000032001B0BDE8F0837047FEE7026851695E
:1036C00049054FF000010ED59A4B5361202201634A
:1036D00080F83D2080F83E1080F83C10016C41F0ED
:1036E0000401016401210846704700BF2DE9FC4731
:1036F000044600680F460A9EDDF82C801D46914660
:1037000000220168334641F480610160016841F4A0
:103710008071016020464FF00111CDF8008000F06B
:1037200067F8216838B10868C00544BF4FF40070DD
:103730002064032038E007F0FE0A2C4F2046324672
:103740004346C1F810A0394600F09CF858BB002051
:10375000424601902068416901913146806901909B
:103760000198204600F01BF9A8B92068012D09D066
:103770004FEA1921424601612046314600F00FF917
:1037800048B920685FFA89F1424601612046314616
:1037900000F005F958B1206C042804D120680168B4
:1037A00041F400710160012002B0BDE8F08720689B
:1037B00000223346016841F48071016020464FF0D9
:1037C0000111CDF8008000F013F821680028AAD17B
:1037D0004AF001003246434608612046394600F06F
:1037E00051F8002818BF0120DEE700BF02000100E9
:1037F0002DE9F047DDF820909846164604468FB232
:1038000001F47F0503F1010AB5F5803F4FF0180080
:1038100008BF1420216808583840C01BB0FA80F057
:103820004009B0421CBF0020BDE8F087BAF1000F8C
:10383000EAD0FEF701FCB8F1000F03D0A0EB0900BD
:103840004045E1D9B5F5803F4FF0180008BF14207E
:10385000216808583840C01BB0FA80F04009B042D7
:10386000D2D100202021206384F83D1084F83E004E
:1038700084F83C00206C40F0200020640120BDE86A
:10388000F08700002DE9F8439846914604468FB230
:1038900001F47F05561C2068B5F5803F06D101462E
:1038A00051F8142F3A40BA4206D129E081693940D3
:1038B000B94225D000F114010968490522D4002E2F
:1038C000E9D0FEF7B9FBB9F1000F03D0A0EB080077
:1038D0004845E0D92068B5F5803F0CBF4069806954
:1038E0003840B842D7D000202021206384F83D1012
:1038F00084F83E0084F83C00206C40F0200013E087
:10390000002013E0016841F4007101600949416140
:1039100000202021206384F83D1084F83E0084F8C4
:103920003C00206C40F004002064012001B0BDE8A0
:10393000F08300BFFFFBFFFF70B515460E4604463F
:1039400020684169490644BF002070BD4169C9062D
:1039500014D4FEF771FB16B1401BB042F0D92068B9
:1039600040694006ECD400202021206384F83D10FB
:1039700084F83E00206C40F020000AE06FF0100157
:10398000416100202021206384F83D1084F83E002E
:10399000206C2064002084F83C00012070BDF8B544
:1039A00015460E4604464F1C2068406900061ED48A
:1039B0002046FFF783FEC0B9002FF5D0FEF73CFB91
:1039C00016B1401BB042EFD9206840690006EBD425
:1039D00000202021206384F83D1084F83E0084F804
:1039E0003C00206C40F020002064012000E000201A
:1039F00001B0F0BDBFB51B4C1B49002201254FF49F
:103A00006023204640F8081F4FF48071027305754B
:103A1000C0E90653C0E90121022103920161CDE909
:103A20000122FDF7DDFF08B1FDF7E5FE03200834B4
:103A3000029501A9019020460395FDF749FF08B1C1
:103A4000FDF7D9FE022001A9029004200190204632
:103A5000FDF73EFF08B1FDF7CEFE2046FDF7D0FE94
:103A6000BFBD00BF58010020002401402DE9F04FE8
:103A700085B03048304C314F00224FF4005A016875
:103A800004F5006641F010010160016801F01001C9
:103A900001910199016841F020010160016801F084
:103AA000200101910199016841F004010160016860
:103AB00001F0040101910199016841F008010160E0
:103AC0004FF40051006800F0080001900198304662
:103AD000B84720464FF4807100224FF4807BB847EE
:103AE00004F580654FF404710022A1462846B847CA
:103AF0004FF0010801AF02243046CDE901A8DFF8FC
:103B000040A03946CDE90344D0470020CDE901B8B3
:103B10003946CDE903044846D0474FF40470CDF848
:103B20000880394601902846CDE90348D04705B0C2
:103B3000BDE8F08F18100240000801402D20000859
:103B40008D1E000880B50C481B490C4A00234FF419
:103B5000804C0362C0E90021C0E90233C0E904C31C
:103B6000C0E90633FEF76EFA002814BFBDE88040B6
:103B700080BDFDF740BE00BFF806002000540040A5
:103B800080B50C480C490D4A00234FF4804C036269
:103B9000C0E90021C0E90233C0E904C3C0E906332B
:103BA000FEF750FA002814BFBDE8804080BDFDF745
:103BB00022BE00BF4C070020801A060000580040BB
:103BC00010B58EB0002401A81C21CDE90C44CDE92C
:103BD0000A44CDE90844FCF78DFD28484FF08041A8
:103BE00020224FF4E163C0E9001400F108011CC178
:103BF00080218161FFF7B2F808B1FDF7FCFD4FF4B9
:103C000080500AA90A901D48FFF734F908B1FDF762
:103C1000F2FD1A48FFF7A8FA08B1FDF7ECFD002401
:103C2000202008A9099408901448FFF767F808B104
:103C3000FDF7E1FD4FF4E16001A900220290702040
:103C400001900E4803940594FFF742FA08B1FDF77E
:103C5000D2FD0A4801A90422FFF73AFA08B1FDF79C
:103C6000CAFD064801A90822FFF732FA08B1FDF79C
:103C7000C2FD0248FFF706FA0EB010BDA0070020F3
:103C8000FEB51748174A0021472340F2F31CCDE93F
:103C90000411CDE90211C0E900238022C0E9021C11
:103CA00001618261CDE90011FFF758F808B1FDF715
:103CB000A2FD4FF4805002A902900948FFF7DAF8FC
:103CC00008B1FDF798FD00206946CDE900000448E1
:103CD000FFF714F808B1FDF78EFD06B080BD00BFF8
:103CE000E80700200008004080B50C480C4A4FF45B
:103CF000E13100234FF00C0CC0E90021C0E9023390
:103D0000C0E9043CC0E90633FFF70CFC002814BFEF
:103D1000BDE8804080BDFDF76EBD00BF30080020CB
:103D200000380140FEE7FEE770470000B0B58EB0F6
:103D300001AD044632212846FCF7DCFC204604F0A5
:103D400069FA02460B4605A12846FCF7AFFA05A121
:103D500000202A4600F050F80EB0B0BD252E346683
:103D60000A00000025730000F8B5064621481446F5
:103D70000D460078532818BF00F066FCEFF311875A
:103D80004FF0200181F3118830462246294600F089
:103D900005F887F3118801B0F0BD00BF70B50D467E
:103DA000144900EB4000144601EBC001C86A01F160
:103DB0001806022809D001280ED020B9304600F09C
:103DC000B1FCA0420ED2002411E030462946224622
:103DD000BDE8704000F043BD304600F0A3FCA042B7
:103DE00038BF044630462946224600F067FD20468B
:103DF00070BD00BFFC01002082B0E0B5CDE9042316
:103E000004AA019201AA00F005F8BDE88C4002B0B6
:103E1000704700002DE9F04F9BB00F4640219346BC
:103E20004FF0000A16AE4FF00809002404901791D5
:103E300006A916911A90CDE918AA3D4615F8011B5E
:103E4000252907D0002900F03A81304600F0E6FC31
:103E50002F462BE1B91C4FF0000808E0022002E0D9
:103E6000082000E0042048EA0008013101352A78E2
:103E7000232AF5D001202B2AF4D02D2AF3D0302A82
:103E8000ECD0002007E000EB8000D2B202EB400053
:103E900011F8012B3038A2F13003092BF3D92E2A67
:103EA0000ED1002506E005EB8503013102EB43024C
:103EB000A2F130050A78A2F13003092BF3D901E011
:103EC000013900254F1CA2F16301092916D8DFE84A
:103ED00011F00D005D00ED00ED00ED000A00ED00B9
:103EE000ED00ED000A0017F8012BECE7DBF800000D
:103EF000011DCBF800100178304676E0A2F1700188
:103F0000082912D8DFE801F005D2D21DD234D2D26E
:103F10001600DBF8000010220823011DCBF800106A
:103F200001683046CDE9009A2DE0252A5BD0582A59
:103F300040F0BC80DBF800100A1DCBF800201022F6
:103F40001CE0DBF80000011DCBF80010046864A041
:103F5000002C08BF04462178002900F0A7803046D5
:103F600000F05CFC19980134B0F1FF3FF3DC9DE0F8
:103F7000DBF800100A1DCBF800200A220968CDE901
:103F8000000830462B4600F0D7FB8FE0DBF800102E
:103F9000CDF814B04FF0010A0A1DCBF80020D1F87B
:103FA00000B0BBF1000F5946CBF1000248BFCBF186
:103FB000000102920A2203E0B1FBF2F10AF1010AC8
:103FC0000A29F9D2AA4538BFAA4688B1BBF1000F29
:103FD0004FF0000108F00402B8BF012141EA92014C
:103FE000A0EB010906E03046252100F017FC5DE05A
:103FF0004FF0000918F00200039000D0B5B15FEA5D
:10400000C87013D1B9F1000F10D0B9F1000F0BD067
:10401000CA450BD23046202100F000FC199CA9F1C2
:104020000109002CF1DA3BE04FF00009002C37DBEE
:10403000BBF1FF3F08DD5FEA487003D530462B2116
:1040400000F0ECFB5C4604E030462D2100F0E6FB7E
:10405000029C1998002823DB039860B9DDF814B09E
:10406000304621460A222B464FF0000ACDE900983F
:1040700000F062FB18E008F001002843EED1B9F12E
:10408000000FEBD0B9F1000F16D0CA45E6D230468A
:10409000302100F0C3FB1998A9F101090028F1DAD9
:1040A000DDF814B04FF0000A4FF00809199CB4F184
:1040B000FF3F3FF7C2AE0FE04FF00009CEE7012C03
:1040C00009DB189D25B1049806A92A46FFF74CFE86
:1040D0002C44199400E0002420461BB0BDE8F08F6A
:1040E000284E554C4C2900007047FEF70BBAB0B56E
:1040F00094B0002405A81421CDE90F44CDE90D4466
:10410000FCF7F8FA01204FF48031CDE90344CDE902
:10411000014402250A90CDE90B140E904FF4E010F3
:10412000CDE9115113900AA8FEF740FC18B1EFF346
:10413000108072B6FEE70F20022105904FF48060D8
:104140000794CDE9080405A80695FEF74DFB18B1C4
:10415000EFF3108072B6FEE74FF4004003900220A8
:10416000019001A8FEF7C8FA18B1EFF3108072B6FB
:10417000FEE714B0B0BD70470148FEF7F8BE00BFBF
:10418000A00700200148FEF7F2BE00BFE8070020AC
:10419000B0B50368774DB0F1804F07D0134CA04203
:1041A00004D0A84202D0124CA04207D14C6823F49C
:1041B0005C73CA6824F44074234313434A6923F0B0
:1041C0008003A84242EA030202608A68C2620A6867
:1041D000826204BF09692963012141610169C9073C
:1041E0001EBF016921F001010161B0BD0004004062
:1041F0000008004001F01F01012303FA01FC036ADB
:1042000002FA01F123EA0C030362026A114301621C
:104210007047000070B5026A036A23F0010322F0C0
:1042200002020362D0F804E0D0F818C08C680B6872
:1042300022432CF0730444EA030C4E4B98420CD1F9
:10424000CE68D1E905452EF4407322F00C022343D9
:1042500043EA050E26F004031A43C0F804E0C0F850
:1042600018C049684163026270BD00BF70B5026A40
:10427000036A23F0100322F020020362D0F804E066
:10428000D0F818C08C680B6842EA04122CF4E6449B
:1042900044EA032C374B98420FD1CE68D1E905454B
:1042A0002EF4406322F0C00243EA840343EA850E01
:1042B0006FF0400303EA06131A43C0F804E0C0F8A5
:1042C00018C049688163026270BD00BF70B5026AA0
:1042D000036A23F4807322F400720362D0F804E0CE
:1042E000D0F81CC08C680B6842EA04222CF07304DE
:1042F00044EA030C1F4B98420FD1CE68D1E9054523
:104300002EF4405322F4406243EA041340F2FF4487
:1043100043EA051E3302A3431A43C0F804E0C0F881
:104320001CC04968C163026270BD00BFB0B5026ABB
:10433000036A23F4805322F400520362D0F804E0AD
:10434000C5698B680C6842EA033C0A4B25F4E642D7
:1043500042EA0422984204D14B692EF4804545EA92
:10436000831EC0F804E0C26149680164C0F820C03F
:10437000B0BD00BF002C0140D0F820C0036A23F07C
:1043800001030362836923F0F00343EA02128261AE
:104390002CF00A02114301627047D0F820C0036A72
:1043A00023F010030362836923F4704343EA02326B
:1043B00082612CF0A00242EA011101627047406A5A
:1043C0000021C185C184FEF763BF016851E8031F66
:1043D000026821F4907142E80313002BF5D10168C3
:1043E00051E8051F026821F0010142E80513002B86
:1043F000F5D1016B012909D1016851E8031F026859
:1044000021F0100142E80313002BF5D1202180F8A0
:10441000421000210163704782B010B5A2B08C46F3
:1044200002ACCDE9242324AB8021204662460193CF
:10443000FBF722FF204600F067F822B0BDE81040ED
:1044400002B0704790F84210222918BF7047836865
:10445000B3F5805F05D10169B1B100F128010A68A7
:104460000BE00146002B51F8282F01D1036923B13D
:1044700003685B6803F07F0301E003685B68137007
:104480000A6801320A6007E00168826A49686FF3CE
:104490005F2122F8021B8262C18D0139C1850904A6
:1044A00000D070470168CA6822F02002CA60CA685A
:1044B00022F48072CA604A6922F001024A61202215
:1044C00080F8422000224263036B012B18BFFFF7E4
:1044D0009DB8026351E8031F026821F0100142E811
:1044E00003130168002BF5D10A68D20608D581B004
:1044F000002200920A68009249680091009901B078
:10450000818DFEF7C4BE0000D0B1B0B50D4D04469C
:104510004FF4807101222846FDF788FD2046FCF704
:1045200085F882B2464821464FF0FF33FFF76FF817
:1045300028464FF480710022BDE8B040FDF776BDFB
:10454000704700BF0008014010B5044600680169CB
:10455000E26821F44051114341F20C620161D4F848
:1045600008C0D4E904E3C16891434EEA0C021A433F
:104570001143C1604169A26921F440711143416155
:104580001149884202D0FEF7CFF901E0FEF7D6F9D3
:1045900019214843D4E900126FF063049200B0FB84
:1045A000F2F06422B0FBF2F303FB0400322404EBCC
:1045B0000010B0FBF2F000F0F00200F00F0002EB90
:1045C00003121044886010BD003801402DE9FC4101
:1045D000044600681D4690460F465E1C016839403F
:1045E000B94225D0002EF9D0FDF726FD0146032063
:1045F000FDB1A1EB0801A9421BD82068C168490799
:10460000ECD5402F18BF802FE8D001680907E5D509
:1046100000250195016801914068019001982046AC
:10462000FFF7D3FE082084F840506064012000E0CA
:10463000002002B0BDE8F0810148FEF72BBE00BFAC
:1046400030080020FEE7000010B5124CA8212046DB
:10465000FCF750F803201149206160610E48A06109
:10466000E1614FF4806121620021A1626162E16237
:1046700020660B4860661020A0662167E1666167CE
:104680000F2008A1421C08BF10BD0A5C013804F8C5
:10469000012BF7E7FC010020A28D0008B4020020E6
:1046A000A402002000000000000054545220524593
:1046B0004747455300000000BFB5114890E80E0081
:1046C000C06800900F4800F019FA0F4C0F48012104
:1046D000022204230425CDE90044029400F09EFD4B
:1046E0000B4A0C480B211346009202F0F7FC0A48D3
:1046F0000A490B4A0323CDE9005401F0E5F9BFBD97
:1047000008000020A8010020C7CFFFFFF00900200B
:1047100000E440C678080020B40600206F12833AF7
:104720000000A041C3680169DA4399428FBF88182D
:1047300011448068084470472DE9F84F8146DDE94F
:104740000AA01F4615460E464FF0010B03E0B1FBD1
:10475000F5F10BF1010BA942F9D2BB4500F00104C0
:1047600038BFBB46BAF1000F17D0B4B980074FF07D
:10477000200848BF4FF030082020002F18BF804687
:10478000D3450AD24846414600F048F8D9F80C0013
:10479000AAF1010A0028F3DA36E0D9F80C00002863
:1047A00032DB0094012400E06C43022F01D3013F6F
:1047B000FAE7B6FBF4F0A842F6D20FF25008B6FBC7
:1047C000F4F7484618F8071000F028F8D9F80C005C
:1047D000002806DBB4FBF5F007FB1466AC42044688
:1047E000EDD2009880B1BAF1000F0DD00AF10104AA
:1047F000013CA34508D24846202100F00FF8D9F823
:104800000C00B0F1FF3FF3DCBDE8F88F30313233FC
:1048100034353637383941424344454610B5D0E93E
:1048200001230446581C904201D9184606E022682C
:10483000D154A060E16862680131E160904218BF24
:1048400010BD21682069FFF78FFAA16888421EBF5A
:104850004FF0FF30E06010BD0020A06010BD2DE9DA
:10486000F8438046806814460D464FF00009D8F89A
:104870000C70D8F80420D8F81030F9435E18BB4209
:10488000294698BF0644C01B864228BF0646D01959
:10489000A64228BF26463246FBF7E7FED8F80800B6
:1048A000F1193544B1440F1A18BF0F46A41BC8F8BC
:1048B0000C70DED1484601B0BDE8F0832DE9F0412F
:1048C0000446884640681546D4E902168F1B3044DA
:1048D000974205D941462A46FBF7C7FE35440AE010
:1048E00041463A46FBF7C1FEED1B606808EB070145
:1048F0002A46FBF7BAFEE560BDE8F08180B50146C7
:104900000248A0EB510003F057FF80BD865A375F85
:1049100070B5574C214603F014F90021054603F009
:104920001CFD06462846214603F0A0FC002E18BFB9
:10493000284670BD10B50446084603F0A9FE21467E
:1049400003F03AFF10BD0000B0B5094903F08EFC3A
:104950004749044603F0FAFC06490546204603F0A1
:1049600085FC002D08BF2046BDE8B04000F004B82B
:10497000DB0FC93FDB0FC9C080B503F04BFC1F4AFA
:104980001F4B03F05FFA03F019FAC0F30723C0B21C
:104990003F2B06D81B4931F8132001EB430149880E
:1049A00021E07F2B09D8174AC3F17F01C3F18003AF
:1049B00032F8111032F8132015E0BF2B08D8114936
:1049C00001EB43026FF0FF0332F8FE1CD25A08E0FD
:1049D0000C4A83F0FF01C3F5807332F8111032F8EE
:1049E000132049425242891A484302EB202003F027
:1049F0004FFE4FF0605103F0DFFE80BDB4F9466416
:104A0000305FC440208D0008FDF72EBAFCF7AEBE23
:104A100070B514460D460646FFF7AEFF28603046D7
:104A2000FFF792FF206070BD90F8481000F026B8A4
:104A300090F8481000F042B810B50446FFF7F4FFB4
:104A400003F026FE216C03F0F1FC094903F0B4FEEB
:104A500010BD00BF10B50446FFF7EAFF03F018FED3
:104A6000216C03F0E3FC024903F0A6FE10BD00BF79
:104A7000DB0FC940C0E9131201F0F0B8F8B5C36C00
:104A800090F849000A464FF0020E0DF10E014FF06A
:104A9000320CCDE9001ECDF808C0410018460123B4
:104AA000FDF78AFB10B14FF0FF3005E09DF80E00D6
:104AB0009DF80F1041EA002004B080BDF8B5036DE9
:104AC00090F849000A464FF0020E0DF10E014FF02A
:104AD000320CCDE9001ECDF808C041001846012374
:104AE000FDF76AFB10B14FF0FF3005E09DF80E00B6
:104AF0009DF80F1041EA002004B080BDF8B50446CF
:104B000016480F4634211E461546606004F1080021
:104B1000FBF7F0FD002084F83C00114808302060CD
:104B2000012084F8497084F84860A84003F0B0FD83
:104B30002064069802220738291A02FA00F0013888
:104B4000A4F8441084F8470088B202FA00F0013853
:104B500084F84600204601B0F0BD00BF17B7D13839
:104B6000648C0008816070472DE9F04186B088466A
:104B700001460068826803A89047DDE90346059D69
:104B80000021284603F0D4FB00BB2046002103F09F
:104B9000CFFB18BB3046002103F0CAFB70BB204698
:104BA000314603F063FB0146284603F05FFB814971
:104BB00003F002FE05462046294603F04FFF7B49DD
:104BC000044603F0F9FD0746304621E077492046C8
:104BD00003F0F2FD7649074630461DE085F00040BF
:104BE000314603F03BFF7149044603F0E5FD70498F
:104BF0000546304603F0E0FD074610E06B492046CD
:104C000003F0DAFD07464FF00040214603F026FF8F
:104C1000294603F023FF664903F0CEFD05463846DA
:104C2000294603F023FB06464046002103F080FBA3
:104C3000D0B901A902AA4046FFF7EAFE0299304620
:104C400003F0BAFD01990546204603F0B5FD014683
:104C5000284603F003FF002103F078FB0E4D0028E7
:104C600018BF4FF07E5501E04FF07E55204621469B
:104C700003F0A2FD04463046314603F09DFD214677
:104C800003F0F4FAFFF73AFE0146284603F094FDDC
:104C900006B0BDE8F08100BF000080BF2DE9F047FD
:104CA00086B0814608689046826803A89047DDE98F
:104CB00003A7059C0021204603F03AFB00BB5046A9
:104CC000002103F035FB18BB3846002103F030FB10
:104CD00070BB5046394603F0C9FA0146204603F03E
:104CE000C5FA344903F068FD04465046214603F0F6
:104CF000B5FE2E49824603F05FFD0646384621E0A8
:104D00002A49504603F058FD2949064638461DE019
:104D100084F00040394603F0A1FE2449824603F0A6
:104D20004BFD23490446384603F046FD064610E095
:104D30001E49504603F040FD06464FF000405146E4
:104D400003F08CFE214603F089FE194903F034FD7F
:104D5000044601A902AA4046FFF75AFE3046214602
:104D600003F084FA029E0446314603F025FD019DBE
:104D700007465046294603F01FFD0146384603F01A
:104D80006DFEC9F804005046314603F015FD064695
:104D90002046294603F010FD0146304603F066FA2E
:104DA000C9F8000006B0BDE8F08700BF3ACD133F58
:104DB0003ACD933FABAAAA3E10B504460020A060AE
:104DC0002160FFF723FE6060204610BD2DE9F84307
:104DD0000E460446FFF71AFE80466068A8EB000006
:104DE00003F06EFC854903F0E7FC1649074603F023
:104DF000BBFA08B9A6601EE02568D4F808903846CA
:104E0000294603F033FA0146284603F00FFB054616
:104E10004846294603F0D0FC07464FF07E5029460D
:104E200003F01CFE314603F0C7FC0146384603F090
:104E30001DFA0646A060C4F80480304601B0BDE803
:104E4000F08300BF9A99993E10B504460EC00298AF
:104E5000E060039820610020C4E90500E061FFF7ED
:104E6000D5FD2062204610BD2DE9F04F85B08A4661
:104E70008146FFF7CBFDD9F80010D9F80450D9F8D6
:104E8000107001900491D9F82010401A03F018FC1A
:104E90005A4903F091FC4FF07C51064603F056FA54
:104EA0000028B04630464FF000011CBF41F26F2889
:104EB000C3F6832803F058FA002828461CBF41F2A5
:104EC0006F28C3F68328414603F076FC4FF07C51EF
:104ED00003F072FC06464846514650F8144F0090C5
:104EE000204603F0C3F9314603F066FC4A4601460A
:104EF00052F81C0F039203F0B9F983464FF00040BB
:104F00003946029703F0AAFD06465846314603F09B
:104F100032FA054604985146CDF810A003F04CFC37
:104F20000746002DB24607D1DDF808A05846514685
:104F300003F00CFA00B9DA460498214603F08EFD1E
:104F4000D9F8081003F038FC414603F06FFA054623
:104F50003846514603F08AF9294603F087F931466D
:104F6000054603F008FA30B9029E2846314603F0A0
:104F7000EDF900B92E46D9F80C500021284603F06F
:104F8000F3F909F1180BA8B9DBF80070304639467F
:104F900003F064FD414603F049FA2946044603F054
:104FA000E3F9B0B94046294603F006FC394603F060
:104FB0005DF90646DDE900470398C0F800A00498B3
:104FC000CBF800602060C9F82070304605B0BDE81D
:104FD000F08F85F000412046029703F0BEF9DDE92D
:104FE00000470028E8D14046294603F0E5FB01468A
:104FF000029803F033FD0646DEE700BFBD37863575
:1050000070470000F8B507461A49044657F80C6F78
:10501000304603F08DF9391F40B90D6830462946F6
:1050200003F0A2F9002808BF3D6001E00D683D6073
:10503000114D134E00212868C06A60600F48386027
:105040002846B04728460421B04728460821B047E3
:1050500062680CA10020FEF7CFFE3868FEF766FEFE
:1050600010A10020FEF7C8FE01202077012001B02A
:10507000F0BD00BF00E440C6A00700200000404192
:10508000C531000870776D5F6672657175656E6316
:10509000793A25752C766F6C746167655F6C696D04
:1050A00069743A000A00000010B5044609484FF43C
:1050B00000710122FCF7BAFF2068002100220023C2
:1050C000D0F80CC02046E04703A10020BDE8104006
:1050D000FEF792BE000C0140656E61626C65206D4A
:1050E0006F746F722E0A00002DE9F04782460F465A
:1050F0000846002198461646002503F03CF938B9C9
:10510000DAF80C503946284603F035F900B93D4627
:1051100030460021002703F02EF938B9DAF80C7078
:105120003146384603F027F900B93746404600219A
:105130004FF0000903F01FF938B9DAF80C90414636
:10514000484603F018F900B9C146DAF80860284665
:10515000314603F06BF900210546002403F00BF9FA
:1051600040B928464FF07E514FF07E5403F0EEF8E0
:1051700000B92C4638463146CAF8104003F056F9BB
:1051800000210546002703F0F6F840B928464FF005
:105190007E514FF07E5703F0D9F800B92F464846AC
:1051A0003146CAF8147003F041F900210546002683
:1051B00003F0E1F840B928464FF07E514FF07E569B
:1051C00003F0C4F800B92E460448CAF81860214616
:1051D0003A463346BDE8F04701F0EABFA007002099
:1051E00080B5016800220023D1F80CC00021E047FF
:1051F00005484FF400710022FCF718FF03A10020BE
:10520000BDE88040FEF7F8BD000C014064697361A1
:10521000626C65206D6F746F722E0A0010B54FF0CE
:10522000000C0D4CC0F820C080F81CC04FF0010CE1
:1052300080F83CC000F1240CACE80E000299074A4B
:10524000074B016303994163049981630549083160
:1052500080E81A00C26010BD0000404100E440C672
:10526000C7CFFFFFA08C00082DE9F04F8DB083461B
:10527000007920B1012528460DB0BDE8F08FDBF89C
:105280000800D8B10B469BF80C10002900F076837B
:1052900007A9EE4F04930A1D083105910AA9069249
:1052A00001F1040A01F10808DBF82C10B9420CD115
:1052B0005846012550F8304F0290B8E00FF2D06107
:1052C00000200025FEF798FDD5E70BF11401002220
:1052D00003910168CF6819460023B8474FF4FA607C
:1052E000FFF792FBDBF80000594682680AA8904756
:1052F000D74ED84F64240DF11C0939E0DBF80000CB
:1053000059468268484690470A98314603F054FA55
:1053100005460798394603F04FFA0146284602F041
:10532000A5FF0A903146DAF8000003F045FA054679
:1053300006983946006803F03FFA0146284602F015
:1053400095FFCAF800003146D8F8000003F034FA9F
:10535000054605983946006803F02EFA01462846AE
:1053600002F084FFC8F800000320FFF74DFB013C6A
:10537000002CC3D1DBF808000022002300270168BD
:10538000CE680021B047DAF800900021484602F0CC
:10539000CFFF28B90A98494603F048F820F00047A3
:1053A000D8F8006000210025304602F0C1FF28B97E
:1053B0000A98314603F03AF820F0004538464FF09D
:1053C0007F5102F0D1FF5946002851F8304F029129
:1053D00002D19E4884420DD128464FF07F5102F001
:1053E000C3FFDBF83410002840F0F3809748814277
:1053F00000F0EF800A9D0021284602F0BCFF06461F
:105400002846002102F0A2FF014600288F4F4FF0EE
:10541000010518BF4FF07E51002E1CBF0021CBF6B6
:105420008071039E306803F0C7F9049B3060BC4272
:1054300000F06D810BF118001A46002303950190CE
:10544000DBF808000168CF680021B847C820FFF7E3
:10545000DBFADBF80000594682680AA890477E4DC7
:105460007C4E4FF064095BE0DBF80000594682682F
:1054700007A890470A9802F0CDFE4FF033322B4632
:1054800002F0E0FC074607980C46314603F094F919
:1054900002F0C0FE02460B463846214602F0E6FB0B
:1054A00002F0B2FB0A90DAF8000002F0B3FE4FF00F
:1054B00033322B4602F0C6FC044606980F463146AE
:1054C000006803F079F902F0A5FE02460B4620467B
:1054D000394602F0CBFB02F097FBCAF80000D8F87F
:1054E000000002F097FE4FF033322B4602F0AAFC88
:1054F000044605980F463146006803F05DF902F056
:1055000089FE02460B462046394602F0AFFB02F008
:105510007BFBC8F800000320FFF776FAA9F1010928
:10552000B9F1000FA0D1DBF808000022002300270A
:105530000168CE680021B047DDF828900021484678
:1055400002F0F6FE30B9DAF80000494602F06EFFCC
:1055500020F00047D8F8006000210025304602F016
:10556000E7FE30B9DAF80000314602F05FFF20F0C4
:10557000004538464FF07F5102F0F6FEDBF82C4034
:1055800010B9324884420AD128464FF07F5102F0C8
:10559000EBFEDBF83410A8BB2C48814232D0DAF89D
:1055A00000400021204602F0E6FE0546204600218C
:1055B00002F0CCFE01460028244F18BF4FF07E5168
:1055C000002D1CBF0021CBF68071019C039D20683B
:1055D00099E00191EC49384602F0BFFEE84FE8BB84
:1055E000BC423BD0DBE90801DBF82C20CBE90B42C5
:1055F000CBE9081048460021144602F0BCFE0546DF
:10560000484646E00391E049384602F0A6FEDC4FEA
:1056100000284FD1BC424DD0DBE90801DBF8302037
:10562000CBE90B24CBE908104846002102F0A3FE89
:1056300005464846002102F089FE002818BF4FF0B9
:105640007E50002D4FF0020557E000BFC7CFFFFF8F
:105650009A99193FCDCCCC3E3333E33FCA49284613
:1056600002F07BFE019B002840F08881BB4200F0E5
:105670008581DBF82000DBE90A12CBF83420CBF877
:105680002010CBE90A033046002102F074FE0546E3
:105690003046002102F05AFE002818BF4FF07E501D
:1056A000002D4FF002051CBF0020CBF68070039E3A
:1056B0003168B8E6B449284602F04FFE039B002843
:1056C00040F05C81BB4200F05981DBE90901DBF865
:1056D0003020CBE90C32CBE909103046002102F032
:1056E0004AFE04463046002102F030FE00284FF00A
:1056F000020518BF4FF07E50002C1CBF0020CBF6D7
:105700008070019C216803F057F8049B2060DBF84F
:105710003400B84200F0D1800BF11C000022039548
:105720000190DBF808000168CF680021B847C82065
:10573000FFF76AF9DBF80000594682680AA890472B
:10574000924F904E4FF064095BE0DBF80000594641
:10575000826807A890470A9802F05CFD4FF0333248
:105760003B4602F06FFB044607980D46314603F0B6
:1057700023F802F04FFD02460B462046294602F070
:1057800075FA02F041FA0A90DAF8000002F042FDE0
:105790004FF033323B4602F055FB044606980D4667
:1057A0003146006803F008F802F034FD02460B466B
:1057B0002046294602F05AFA02F026FACAF80000FA
:1057C000D8F8000002F026FD4FF033323B4602F0DD
:1057D00039FB044605980D463146006802F0ECFF9F
:1057E00002F018FD02460B462046294602F03EFA1A
:1057F00002F00AFAC8F800000320FFF705F9A9F142
:105800000109B9F1000FA0D1DBF808000022002344
:1058100000270168CE680021B047DDF828900021FC
:10582000484602F085FD30B9D8F80000494602F03C
:10583000FDFD20F00047DAF8006000210025304629
:1058400002F076FD30B9D8F80000314602F0EEFDE6
:1058500020F0004538464FF07F5102F085FDDBF81F
:105860002C4010B9464884420CD128464FF07F5155
:1058700002F07AFD02990028D1F800A033D1404807
:10588000824530D0D8F800400021204602F073FD58
:1058900005462046002102F059FD0146002818BFA8
:1058A0004FF07E51002D1CBF0021CBF68071019C72
:1058B000039D206802F080FF2060DBF814000021C7
:1058C00002F059FD68B9DBF81800002102F053FD21
:1058D00038B9DBF81C00002102F03FFD00287FF4FE
:1058E000CAAC0235C7E42849384602F036FD244FD9
:1058F000F0B9BC421CD0DBF82000DBF82810DBF844
:105900003420CBF83440CBE90A02CBF820104846CB
:10591000002102F030FD05464846002102F016FD48
:10592000002818BF4FF07E50002D4FF002051EE0FA
:105930001549284602F011FD00BBBA451ED0DBE92F
:105940000901DBF83420CBE90C2ACBE909103046F9
:10595000002102F010FD04463046002102F0F6FC62
:1059600000284FF0020518BF4FF07E50002C1CBFDE
:105970000020CBF68070019C21689BE700257AE42B
:10598000C7CFFFFFCDCCCC3E3333333F3333E33F80
:105990004355523A204E6F20647269766572206CCE
:1059A000696E6B6564210A002DE9F8430446002006
:1059B000404F4FF47A76254645F8200FA846A94671
:1059C00048F8080F49F8040F24E0FBF783FEE06A6B
:1059D000B84205D001F0D0FB296802F047FC2860EE
:1059E000206BB84207D001F0C7FBD9F8001002F0D5
:1059F0003DFCC9F80000606BB84207D001F0BCFB69
:105A0000D8F8001002F032FCC8F800000120FEF7C0
:105A1000FBFF013E002ED8D1E06AB84204D02868CE
:105A20000D4902F003FD2860206BB84206D0D9F87A
:105A30000000094902F0FAFCC9F80000606BB842A6
:105A400008BFBDE8F883D8F80000034902F0EEFC77
:105A5000C8F80000BDE8F88300007A4470B50D4630
:105A60000446FBF737FEE86A01F086FB296A6E6997
:105A700002F0F4FF314602F09FFE2060286B01F037
:105A80007BFB696AAE6902F0E9FF314602F094FEE1
:105A900060600849686B884201D1002008E001F08D
:105AA0006BFBA96AEE6902F0D9FF314602F084FE71
:105AB000A06070BDC7CFFFFF10B50446FFF774FFAD
:105AC00001202073012010BDB0B50446002015460A
:105AD000A0602071207320610498E36204F1340314
:105AE0002063059807C30A48083020604FF07E50B5
:105AF00002F09CFC294602F099FC2064606101469A
:105B0000E0614FF0004002F0A9FFA0612046B0BD67
:105B1000BC8C000810B50469006B02F0B9FD7D492A
:105B200002F04AFE0146204602F0A0FB10BD00BF75
:105B30002DE9F04104464669406A301A02F06BF9DB
:105B4000354A364B02F07EF902F05EF80021054638
:105B500002F003FC28B96662E068E16AE061616313
:105B60001FE06068294602F0FFFBD0B16662E6687C
:105B7000E06A616BD4F81C80E6616063401A02F051
:105B800087FD644902F018FE07463046414602F0A0
:105B900065FF0146384602F069FB294602F046FCE3
:105BA000A06004F108000068BDE8F08100207047A3
:105BB0002DE9F84304698169D0F82080826A046283
:105BC000056BD0F8389085638162881A02F023F95A
:105BD000114A124B02F036F902F016F8002107467E
:105BE00002F0B4FB0E4E0028A5EB090018BF3E469C
:105BF00002F04EFD474902F0DFFD074620464146D0
:105C000002F02CFF0146384602F030FB314602F02C
:105C10000DFC01B0BDE8F0838DEDB5A0F7C6B03E38
:105C20006F12833A70B5C468C06A02F0F4F8084B8A
:105C30004FF0C04202F006F9054620460E4602F03B
:105C4000E9FA02460B462846314602F00FF870BDCD
:105C5000FB211940C06A7047C068704710B5044600
:105C60000068816A204688470120FBF765FD2068AF
:105C7000816A20468847E061FEF7C8FE6062012025
:105C8000FEF7C2FE2068816A204688470120FBF7A4
:105C900053FD2068816A20468847E060FEF7B6FE23
:105CA000606110BDF8B504460068816A20468847E7
:105CB0000021054602F05FFBE0B9FEF7A7FE27468C
:105CC00057F80C1FB860284602F0C8FE2549064662
:105CD00020F0004002F048FB58B93046002102F0A5
:105CE00035FB0121002818BF4FF0FF31E06A08445E
:105CF000E0623D60F8BD00BF10B5C468C06A02F044
:105D0000C7FC044902F058FD0146204602F0AEFAF5
:105D100010BD00BFDB0FC940F8B504460068C16A7A
:105D2000204688470546FEF771FE274657F8101FA4
:105D3000B860284602F092FE0A49064620F000406C
:105D400002F012FB58B93046002102F0FFFA01219F
:105D5000002818BF4FF0FF31206B084420633D60DE
:105D6000F8BD00BF7CD9A040C0F85011704770B595
:105D7000D0F850510446ADB194F93C0102F088FCD2
:105D800006462868416828468847014604F5907011
:105D9000FFF71CF8314602F00FFDD4F8341102F081
:105DA0005DFE70BDE06870BD70B5D0F8505104461E
:105DB000ADB194F93C0102F06BFC0646286881689D
:105DC00028468847014604F59070FEF7FFFF3146EC
:105DD00002F0F2FCD4F8341102F040FE70BD2069EC
:105DE00070BD70B5D0F850510446ADB194F93C0186
:105DF000E16C484302F04CFC0646286801682846DE
:105E00008847314602F0D8FCD4F8381102F026FE5B
:105E1000BDE87040FEF77CBD606970BDC0F85411EC
:105E2000704770B5D0F8505104468DB194F93C01DB
:105E300002F02EFC0646286841692846884701463C
:105E400004F58A70FEF7C2FF314602F0B5FC70BD62
:105E5000E06970BD2DE9FE4300260446DFF8F080BE
:105E60004FF07C514FF07C5200238660A0F86460B4
:105E7000012084F867003448083020603348CDE9B9
:105E80000060814604F16C00C04704F190004FF0BF
:105E90007C514FF07C520023CDE90069C0472D4D65
:105EA0002D4F04F1B4002946B84704F1C00029463B
:105EB000B8472A492A4A04F1CC000023CDE90069F9
:105EC000C047284D04F1F000002200232946CDE907
:105ED0000065C047244904F58A70B84704F59070FE
:105EE0000021B847D148C4E94B662149C4F83801BC
:105EF000642084F83C61C4F840010920A4F844619E
:105F000084F846010420C4F84801632084F84C0159
:105F10001648C4F85861C4E916904FF07E502566C3
:105F2000C4E9101004F12C00142184F86660666046
:105F30002662C4F83461C4E95466FAF7DBFB2046F4
:105F400003B0BDE8F08300BFD48C000800004041DE
:105F5000494E00080AD7233CB94D00089A99993E4A
:105F6000000020410000A0410AD7A33B0000A04050
:105F700000004040C0F85C11704700002DE9FE4F62
:105F8000054686A10020FEF747FAD5F850010168C2
:105F9000496A884730B1284600F0AEFC064610B981
:105FA0000026C4E0012695F83C0170B180A10020D4
:105FB000FEF732FA05F59C749C49206802F0B8F9A6
:105FC000002840F08780A24980E07F48019605F1D3
:105FD0004004002640F2F51882467C4883467C48FF
:105FE00081461BE0304602F053FB514602F0E4FBD1
:105FF000594602F01BFA494602F038F90346286870
:106000002168002287692846B847D5F85001016801
:10601000C96988470220FEF7F7FC01364645E1D101
:10602000D5F850010168C9698847D5F85001016861
:1060300049688847029064484FF4FA77824663487B
:106040008346634880461BE0384602F021FB5146F8
:1060500002F0B2FB594602F0E9F9414602F006F9B6
:10606000034628682168002286692846B047D5F88B
:1060700050010168C96988470220FEF7C5FC013F4D
:10608000B7F1FF3FE0DCD5F850010168C9698847E6
:10609000D5F85001016849688847044628680021FE
:1060A0000022002387692846B847C820FEF7ACFCC9
:1060B000029E2146304602F0D1FC20F000474549BF
:1060C000384602F058F9B0B3624900260020FEF7C6
:1060D000A3F92CE02868296C3D4B00224FF0000802
:1060E00087692846B847DFF848914FF42F70C847B2
:1060F000D5F850010168C96988472846C4F800806E
:10610000FFF76FFE20601420C847206802F082F875
:1061100002460B4647A10020FEF77EF928680021C1
:106120000022002387692846B847C820C847304660
:1061300003B0BDE8F08F3046214602F00EF9019E13
:1061400028B92CA10020FEF767F9FF2004E022A166
:106150000020FEF761F9012085F83C01E86C02F0AF
:1061600097FA0146384602F027FB294902F07EF8EB
:1061700020F000404FF07C5102F0F6F860B9124870
:10618000394602F053F902F045F80B46264902461B
:106190000020FEF741F90DE71EA108E74D4F543AE4
:1061A00020416C69676E2073656E736F722E0A00F2
:1061B0004D4F543A20536B697020646972206361BB
:1061C0006C69622E0A000000DB0FC9400000FA4330
:1061D000E4CB9640A9CF7E3D4D4F543A2073656E77
:1061E000736F725F646972656374696F6E3D3D437E
:1061F000570A00004D4F543A2073656E736F725FFB
:10620000646972656374696F6E3D3D4343570A006C
:10621000DB0FC9C04D4F543A20505020636865636E
:106220006B3A204F4B210A00AB8D000800E440C6BA
:10623000094A00084D4F543A205A65726F20656C28
:1062400065632E20616E676C653A200A00000000CD
:10625000D18D0008EA8D00082DE9FE4F8A460446DC
:10626000FEF7D4FBA046029058F80C9FD8F86811AE
:10627000D8F85470401A02F023FA494902F09CFA07
:106280004FF07C51064602F061F800283546304652
:106290004FF000014FF0000B1CBF41F26F25C3F619
:1062A000832502F061F8002838461CBF41F26F25B3
:1062B000C3F683250097294602F07EFA074650462A
:1062C0004946CDF8049002F0C9FB064627F000418C
:1062D00020F0004002F048F800BB3046002102F0F8
:1062E0004AF807463046002102F030F801460028FF
:1062F00018BF4FF07E51002F1CBF0021CBF68071DC
:10630000DDF800B02BF0004002F056FA294602F00A
:1063100053FA0146019801F0A9FF8246C8F800A08F
:10632000C4F818B01F49A56CA66D284602F000F805
:1063300008BBE16DE76B284602F03EFA27F0004902
:10634000494601F093FF86F000478346394602F044
:1063500012F838B95846314601F0F8FF00283746A0
:1063600008BF5F463846494602F078FB294602F0EE
:106370005DF8A06300E03746029D5046FEF7C8FA7C
:10638000E16CFEF7D7FA0346206839460022866999
:106390002046B047C4F87451384603B0BDE8F08FCA
:1063A000BD37863500E440C62DE9F04F85B0824602
:1063B00000F5B07B00F5B27400F5B4700D460290A4
:1063C0009AF86600022863D300F0EE80032840F0BC
:1063D000A081E9491846019401F048FFFEF798FAB8
:1063E000E64902F023F8E64902F0E6F902F014F972
:1063F00007469AF867002E4638B1DAF85C014FF08C
:106400007C51C06802F0D8F90646DE4A07EB470126
:1064100052F8210002EB8101D1E90178002800F057
:106420002F8102F035F9294602F0C6F901463046BF
:1064300001F01CFF002FCBF8000000F0548138461B
:10644000CDF800B002F024F9294602F0B5F9014672
:10645000304601F00BFF01992F460AF5AE79B8F1ED
:10646000000F0860DAF85C41256800F06C81404656
:1064700002F00EF9394602F09FF90146304601F06C
:10648000F5FE02990122012308602046012160E106
:10649000164603A904AA1846FEF7BAFA039F314626
:1064A000384602F089F9D846A346049C814629461D
:1064B000204602F081F9494601F0D8FE8146CAF82B
:1064C00070012046314602F077F9044638462946E5
:1064D00002F072F90146204602F0C0FA4FF07C51FA
:1064E000CAF86C010446CDF80080C8F8000002F03C
:1064F00063F9A0490646484602F05EF93146054672
:1065000002F0ACFA8046CBF8000020464FF03F4145
:10651000CDF804B002F050F9294602F09FFA074680
:1065200002984FF07C510760DAF85C01C06802F015
:1065300043F906469AF866000AF5AE7901281CD19F
:106540004046394601F0E9FA0146204601F0E5FAF5
:1065500005464046394601F0CCFA0146204601F096
:10656000C8FA294601F082FE4FF03F4102F024F9BB
:106570000146304601F07AFE06469AF86700002888
:1065800060D02046314601F071FEDDF800B03146A2
:10659000CBF80000404601F069FE019C31462060C6
:1065A000384601F063FE68E07349184601F05EFE6C
:1065B000FEF7AEF9FD4901F039FF734902F0FCF82E
:1065C00002F02AF807469AF86700A8462E4638B126
:1065D000DAF85C014FF07C51C06802F0EDF8064635
:1065E0006A4A07EB470152F8210002EB81056F6808
:1065F000002858D002F04CF8414602F0DDF8014680
:10660000304601F033FECBF800000AF5AE70002FE3
:10661000CDF800B0DAF85C910190D9F800A07BD0F9
:10662000384602F035F8414602F0C6F801463046D9
:1066300001F01CFE20600298012101220023066067
:1066400048467AE04046394601F067FA014620465E
:1066500001F063FA05462046294602F0FFF9DDF80D
:1066600000B02946CBF80000404602F0F7F9019C43
:1066700029462060384602F0F1F9029908606CE082
:106680003846CBF8006002F003F8294602F094F88F
:106690000146304601F0EAFD019C2060404601F0D1
:1066A000F7FF294610E03846CBF8006001F0F0FF14
:1066B000414602F081F80146304601F0D7FD2060E6
:1066C000A86801F0E5FF414602F076F80146304641
:1066D00001F0CCFD029901220860DAF85C01016842
:1066E0000F69002113E0019C4046266001F0D0FFB5
:1066F000294602F061F80146304601F0B7FD0299E3
:1067000000220860DAF85C0101680F6901210123A9
:10671000B8470AF5AE7920E02660A86801F0B8FF16
:10672000414602F049F80146304601F09FFD0299CA
:1067300000220123086048460121DAF81070B847AA
:10674000DDE900B909E00298012101220023066079
:1067500020462F69B847DDE900B402982268DBF8CB
:1067600000100368D9F800000768FF68B84705B053
:10677000BDE8F08FD7B35D3F920A063FDB0FC940FB
:1067800000004041680000200000C04020000020C0
:106790002DE9F84F0F460446FEF738F98046D4F845
:1067A0007401D4F80C90A8EB000001F089FF314986
:1067B00002F002F84FF07C51054601F0C7FD0028B9
:1067C0002E4628464FF000011CBF41F26F26C3F64B
:1067D000832601F0C9FD002839461CBF41F26F260F
:1067E000C3F68326304601F0E7FF0146484601F034
:1067F0003DFDFEF78DF8E060A761AF498146A76CCB
:10680000A66D384601F094FD08BBE16DE56B384696
:1068100001F0D2FF25F0004A514601F027FD86F035
:1068200000458346294601F0A6FD38B95846314651
:1068300001F08CFD0028354608BF5D4628465146CC
:1068400002F00CF9394601F0F1FDA06300E0354695
:10685000E16C4846FEF76EF80346206829460022A0
:1068600087692046B847C4F87481284601B0BDE85E
:10687000F08F00BFBD378635B0B505460EA10020AC
:106880000024FDF7C9FDD5F85401296C026852684F
:10689000904748B105460FA100202A46FDF7BCFDF0
:1068A000002DC8BF012404E00EA100200024FDF744
:1068B000B3FD2046B0BD00BF4D4F543A20416C6936
:1068C000676E2063757272656E742073656E736592
:1068D0002E0A00004D4F543A20537563636573735D
:1068E0003A200A004D4F543A20416C69676E20658A
:1068F00072726F72210A00002DE9F843044625A147
:1069000000200025FDF788FD2746294E47F80C5F3B
:10691000264DD7E90D01D7F84C80D7F8549079650A
:10692000F8640DE03868294601F017FD78B9204673
:106930003146FFF791FCD4F850010168C9698847D6
:10694000D4F850010168496A88470028EAD12068D4
:1069500000210022002387692046B847C4F85880E8
:10696000C4F86090D4F850010168496A884700284B
:106970004FF000000CBF15A10EA1FDF74DFDD4F89E
:1069800050010168496A8847B0FA80F0400901B0B7
:10699000BDE8F0834D4F543A20496E64657820730A
:1069A00065617263682E2E2E0A000000DB0FC9405D
:1069B000E4CB16414D4F543A204572726F723A2023
:1069C0004E6F7420666F756E64210A004D4F543A05
:1069D0002053756363657373210A00002DE9F0414C
:1069E0000446D0F85C01002854D0007F002851D024
:1069F00001202EA104F1400804F1580784F8650035
:106A00000020FDF709FDD4F85C013D68C668284602
:106A1000314601F0A9FC08B935463E60D8F80000BF
:106A2000294601F0A1FC08B9C8F80050D4F8540177
:106A300010B1C4F8A050E567A06C1F4901F078FCC4
:106A400010B194F8680070B3E06DC4F8DC00206EFB
:106A5000C4F8000194F869000338012805D894F8B7
:106A60003C0110B9012084F83C014FF4FA70FDF7A5
:106A7000CBFF12A10020FDF7CFFC206881682046E3
:106A800088474FF4FA70FDF7BFFF022084F86500D5
:106A9000BDE8F0810F200FA184F865000020BDE85B
:106AA000F041FDF7B9BCC4F8DC50D0E74D4F543A83
:106AB00020496E69740A000000E440C64D4F543A04
:106AC00020456E61626C65206472697665722E0A7B
:106AD000000000004D4F543A20496E6974206E6FDB
:106AE0007420706F737369626C652C2064726976B0
:106AF0006572206E6F7420696E697469616C697A61
:106B000065640A002DE9F84F04460E46D0F82C01C2
:106B1000D4F830114A1C8142C4F83021C0F0EA8018
:106B2000002004F11809C4F83001D4F8500110B164
:106B30000168096A884794F869000338022803D37A
:106B40002046FFF731F9E0602046FFF76AF9C9F8FF
:106B50000000054694F86400002800F0CB809D49B1
:106B6000304601F0E5FB00B96660266D9949304674
:106B700001F0DEFB38B92846314601F057FC964952
:106B800001F054FCE063D4F8540168B9A66C914953
:106B9000304601F0CDFB38B9206BE16B01F05EFFB0
:106BA000314601F043FCA06394F86900042800F228
:106BB000A180DFE800F0030C1091970094F86800C2
:106BC000002800F0A88060682062BDE8F88F606847
:106BD000294660622CE0D4E90105E16804F124084B
:106BE000A06201F03BFF014604F1F000FEF73CF922
:106BF0000146284601F03AFBC8F8000005464FF070
:106C00000040266E314601F029FF074628463946E6
:106C100001F0B1FB38B92846314601F097FB002856
:106C2000374608BF2F46C8F800703846D9F800101C
:106C300001F014FF014604F1CC00FEF715F92062C3
:106C4000074694F86800002818BFBDE8F88FA66CC6
:106C50006049304601F06CFB00283D461BD13846A8
:106C6000314601F0A9FDE16BA66D01F0FFFA804607
:106C70004FF00040314601F0F1FE054640462946FE
:106C800001F079FB38B94046314601F05FFB00283E
:106C9000354608BF454625634E49666D304601F0CE
:106CA00047FB48BBD9F80010384601F085FD074680
:106CB000E06CA56D01F0ECFC0146384601F07CFD6E
:106CC0000146304601F078FD2946064601F04CFBAE
:106CD000B0B985F000451BE0616820466162FFF7AE
:106CE00057FD04E061682046A162FFF7B5FA002174
:106CF000E1622063BDE8F88F0020E062BDE8F88F14
:106D000086F000462846314601F035FB00B935468D
:106D1000E562BDE8F88FA66CE649D4F8048004F17A
:106D2000300B304601F004FB0028474607D13046BF
:106D3000414601F041FDE16B01F098FA0746CBF8BE
:106D400000704FF0004004F12C0AD4F858904946E6
:106D500001F084FE06463846314601F00CFB00285F
:106D6000304607D13846494601F0F0FA0028484637
:106D700008BF3846CBF80000EA49676D384601F095
:106D8000D7FA10BB2846414601F016FD0546E06CD7
:106D900001F07EFC0146284601F00EFD0146384612
:106DA00001F00AFD4946044601F0D0FA48B984F0E2
:106DB00000444846214601F0DEFA00284E4608BF4E
:106DC0002646CAF80060BDE8F88F0020CAF8000027
:106DD000BDE8F88F00E440C65077D63D10B50446B4
:106DE000D0F85C01016849688847D4F85C0100224A
:106DF00000230168D1F80CC00021E047012084F88D
:106E0000640010BDB0B50446D0F85C010022002338
:106E100000250168D1F80CC00021E047D4F85C01DE
:106E200001688968884784F86450B0BDB0B50446ED
:106E3000032084F865004FF4FA70FDF7E5FDD4F8FF
:106E40005001E0B12046FFF799F80546D4F850010B
:106E50000168C96988472046FEF789FFE0604FF462
:106E6000FA70FDF7D1FD35B3D4F8540180B1007B41
:106E7000D0B12046FFF700FD45436DB91BE02CA1C2
:106E80000020FDF7C9FA4FF4FA70FDF7BDFD12E0DE
:106E90001DA10020FDF7C0FA21A10020FDF7BCFADA
:106EA000042084F8650012E00E200AA184F8650031
:106EB0000020FDF7B1FA23A100200025FDF7ACFA70
:106EC0000E2084F8650020684168204688472846DF
:106ED000B0BD00BF4D4F543A20496E697420464FF3
:106EE00043206572726F722C2063757272656E74C6
:106EF0002073656E7365206E6F7420696E697469A6
:106F0000616C697A65640A004D4F543A204E6F20D7
:106F100063757272656E742073656E73652E0A00F8
:106F20004D4F543A2052656164792E0A00000000EA
:106F30004D4F543A204E6F2073656E736F722E0A58
:106F4000000000004D4F543A20496E697420464FAE
:106F500043206661696C65642E0A00002DE9FC47D8
:106F60000446D0F8500110B10168C969884794F807
:106F7000690003380228C0F09B8094F86400002860
:106F800000F09680204604F11407FEF72AFF3860CF
:106F9000024694F86800002800F08380022842D05E
:106FA00001286BD1D4F85401002800F081800168D9
:106FB00004F1200504F12C0ACB68114698470146DC
:106FC000A06304F1B400FDF701FFA0630146286847
:106FD00001F044FD014604F16C00FDF745FF20631C
:106FE0003449666D304601F0A3F900284BD128687A
:106FF000A169D4F84C90D4F8588001F0DDFB054627
:10700000484601F045FB0146284601F0D5FB014604
:10701000304601F0D1FB4146064601F0A5F9B0BB70
:1070200088F000483BE0D4F85411002908BFBDE8BF
:10703000FC876846FDF732FEDDE90001C4E90D0179
:1070400004F1B400FDF7C2FEA06304F1C000616B5F
:10705000FDF7BCFE6063206AA16B01F0FFFC0146F6
:1070600004F16C00FDF700FF206304F19000616BF8
:1070700081F00041FDF7F8FEE06212E00EA1002071
:10708000FDF7CAF90DE00020CAF8000009E086F01B
:1070900000464046314601F06EF900B9B046CAF8E4
:1070A000008020683B68D4E90B2187692046B847F7
:1070B000BDE8FC8700E440C64D4F543A206E6F2077
:1070C000746F7271756520636F6E74726F6C20736C
:1070D000656C6563746564210A000000F8B51C46A0
:1070E00015460E460746FEF7B5FE0D4808303860D7
:1070F0000698C7E912560B4D78650020294687F897
:107100006800204601F014F907490646204601F0C0
:1071100053FB002E18BF28463865384601B0F0BD35
:10712000F88C000800E440C6F304B53F10B5074CE6
:1071300000F00F03044AB0F1FF3F2344C8BF831897
:107140000801187010BD00BF00E400E014ED00E07D
:1071500080B501A000F04FF8507572652076697215
:107160007475616C2066756E6374696F6E206361FF
:107170006C6C656421000000032806D004281CBF45
:10718000002070470848043000E0074880B50068D8
:1071900080B201F095FA054901F00EFB4FF06651FF
:1071A00001F00AFB80BD00BF58010020333353407B
:1071B000F8B507681C4615460E46F86A01F080FAD5
:1071C000314601F0F9FA01F043FAF96AFE6A786390
:1071D000084601F075FA294601F0EEFA01F038FA96
:1071E000B863304601F06CFA214601F0E5FA01F08F
:1071F0002FFAF863F8BD80B5F9F7BAFFFBF78CF901
:10720000FCF775FFFCF732FCFCF79CFCFCF7B8FCC4
:10721000FCF7D6FCFCF734FDFCF7ECFBFCF764FD57
:1072200000F002F8FEE700002DE9F041314D32494F
:10723000324A2846FDF71EFC314E3248B0603046D7
:10724000FDF7E0FE304F4FF00108384687F8048024
:10725000FEF732FC38463146FDF784FC2B4C2946BC
:107260002046FEF781FD20463146FEF783FE20468C
:107270003946FEF7D3FD0320254D2649274A00262F
:1072800084F8690024482564C4E93316C4E93560EC
:10729000C4F81421C4E93C16C4E93E60C4E91B16D5
:1072A000C4E91D60C4F8B420C4F8C020C4E92416A1
:1072B000C4E926604FF07C504FF07E51C4E916506F
:1072C0002046216684F86860FFF788FB2046C4F8F2
:1072D000A050E56784F8668084F83C81C4F8386182
:1072E000FFF7A4FD4FF47A70FAF7BEFD0C48FBF7E8
:1072F00095FDFEE7A8010020F80600204C070020BD
:10730000F009002000004041B40600207808002069
:107310000000C0409A9921410000C8426F12833A90
:10732000E80700205FEA400C08BF91F0000F4FEA29
:107330008C234FEAC12243EA51514FEA1C5018BF37
:1073400000F5F0404FEA300018BF41F000415FEA1D
:107350006C5C00F02980BCF1FF3F08BF40F080402A
:107360007047130C06BF12044FF0100C4FF0000CC6
:10737000130E04BF12020CF1080C130F04BF12010C
:107380000CF1040C930F04BF92000CF1020CD30F0C
:1073900004BF52000CF1010C11464FF00002A0F1A5
:1073A0001F00A0EB0C00704711F0004F08BF7047A2
:1073B00031F000413FF4D5AF0B0C06BF09044FF08C
:1073C000100C4FF0000C0B0E04BF09020CF1080C5E
:1073D0000B0F04BF09010CF1040C8B0F04BF8900D3
:1073E0000CF1020CCB0F04BF49000CF1010CCCF1E5
:1073F000200322FA03F341EA030102FA0CF2A0EBA4
:107400000C0000F10100704723F07F4720F07F4C13
:1074100080EA030000F00040ACEB070303F57C5367
:1074200003F1FF032DE9804909B44FEA144324EA2C
:1074300003484FEA154B25EA0B4E0FF2042606EBE4
:1074400013273E7803FB0667C7F5000707FB06F620
:107450004FEAD64606F102064FEA543707FB066CA0
:10746000CCF1005C4FEA1C472CEA074C0CFB06F5FC
:1074700007FB06F404EB15464FEA961649085FEA47
:10748000320234BF00204FF000404FEAD13706FBF4
:1074900007FC4FEA1C4C0CFB0BF7D21B03FB0CF751
:1074A00061EB07010CFB0EF7B0EB074072EB1742E4
:1074B0000CFB08F734BFA2EB0742B2EB074261EBCB
:1074C00017414FEA0C444FEA910706FB07FC4FEACD
:1074D0001C4C0CFB0BF7B0EBC74072EB573203FBB5
:1074E0000CF734BFA2EBC742B2EBC74261EB573196
:1074F0000CFB0EF7B0EBC70072EB57720CFB08F7F2
:1075000034BFA2EBC702B2EBC70261EB57714FEA7F
:10751000816141EA92114FEA826242EA90124FEA97
:10752000806004EBCC04039F4FEAD13706FB07FCD5
:107530004FEA1C4C0CFB0BF7D21B03FB0CF761EB67
:1075400007010CFB0EF7B0EB074072EB17420CFB88
:1075500008F734BFA2EB0742B2EB074261EB1741D9
:107560004FEA8C5504EB9C244FEA910706FB07FC7D
:107570004FEA1C4C0CFB0BF7B0EBC74072EB5732D9
:1075800003FB0CF734BFA2EBC742B2EBC74261EB7F
:1075900057310CFB0EF7B0EBC70072EB57720CFBC8
:1075A00008F734BFA2EBC702B2EBC70261EB577119
:1075B0004FEA816141EA92114FEA826242EA9012F7
:1075C0004FEA806015EB4C2544F100044FEAD137B7
:1075D00006FB07FC4FEA1C4C0CFB0BF7D21B03FB12
:1075E0000CF761EB07010CFB0EF7B0EB074072EBF9
:1075F00017420CFB08F734BFA2EB0742B2EB07427D
:1076000061EB17414FEA813141EA92414FEA823200
:1076100042EA90424FEA80304FEA0C7615EB1C1597
:1076200044F1000448EA03434EEA0B484FF0000ED1
:10763000B2EB080C71EB030724BF624639464EEBF0
:107640000E0E4FF0000B0018524149414BEB0B0B53
:10765000B2EB080C71EB03077BF1000B24BF624611
:1076600039464EEB0E0E4FF0000B001852414941C7
:107670004BEB0B0BB2EB080C71EB03077BF1000B30
:1076800024BF624639464EEB0E0E51EA020718BF80
:1076900046F0010616EB0E7655F1000254F100019A
:1076A00003D5BDE88901BDE80088BDE88901BDE8D2
:1076B0000048B619524141EB0101A3F101037047A3
:1076C00080807F7E7D7C7B7A79787776767574731F
:1076D000727171706F6E6E6D6C6C6B6A6A696868DE
:1076E000676666656464636362616160605F5F5E74
:1076F0005E5D5D5C5C5B5B5A5A59595858575756EA
:10770000565555555454535352525251515050504E
:107710004F4F4F4E4E4D4D4D4C4C4C4B4B4B4A4AA0
:107720004A494949484848474747474646464545E4
:10773000454444444443434343424242424141411D
:107740009C46002B30D477002BD04FEA37071CB56E
:1077500003B44FF010004FF01001BAF1000F06D043
:10776000BCF1000FDCBF40F0080040F008014FF012
:1077700000000FBCBDE810400BF1010BBBF1010F85
:1077800008BF5FEA170722BF12F1010211F10101E0
:107790004FF0004143F1000300F0004043EA0000D5
:1077A0007047F9D35708D0E746EA06464FEA16462F
:1077B00013F1400F1FDD13F1200FDFBF16430A4600
:1077C000002120335B42BED0C3F1200746EA0646C3
:1077D0004FEA164602FA07F746EA070622FA03F2CC
:1077E000C3F1200701FA07F742EA070221FA03F181
:1077F0004FF00003A7E746EA020646EA06464FEACC
:10780000164646EA0106BCBF46EA0646360C4FF06D
:1078100000034FF000024FF0000194E72DE9804C87
:1078200070B49A46934691E8380007C831EA400C94
:1078300048BF34EA430C03D5FFF7E6FDFFF780FFAE
:10784000F0BCBDE8008C2DE9804C70B49A4693469C
:1078500091E8380007C810F0804F08BF13F0804F40
:1078600003D100F005F8FFF76BFFF0BCBDE8008C1A
:1078700020F07F4723F07F4C80EA030000F00040B7
:1078800007EB0C03A3F57C53A3F1FE0392F0000F6A
:1078900000F0B38095F0000F00F077802DE90149EA
:1078A0004FEA114021EA00484FEA144624EA06470D
:1078B00000FB06FC08FB06F607FB08F818EB064879
:1078C0004CEB164C00FB07F718EB07484CEB174046
:1078D0004FEA124B22EA0B4E4FEA154625EA0647BD
:1078E0000BFB06FC0EFB06F607FB0EFE1EEB064E20
:1078F0004CEB164C0BFB07F71EEB074E4CEB174BF4
:1079000018EB0B0840F1000018EB0E0B58EB0008C9
:1079100040F100008F1A4FF000014FF000063CBF0D
:10792000C943661B14BFB5EB040C00213CBFC9431F
:10793000F61B4FEA174427EA04454FEA1C472CEA96
:10794000074C04FB076205FB07F70CFB05F616EB7B
:10795000074642EB174204FB0CFC16EB0C4642EBCD
:107960001C421BEB060658EB020241414EEA8E0E0A
:1079700046EA9E0601D5BDE80189B619524141EBA0
:107980000101A3F10103BDE801894FEA144524EA8E
:1079900005464FEA114721EA074C05FB07F406FBB1
:1079A00007F70CFB06F111EB074144EB174405FB0D
:1079B0000CFC11EB0C4144EB1C444FEA124722EA49
:1079C000074C05FB07F206FB07F70CFB06F616EB68
:1079D000074642EB174205FB0CFC16EB0C4642EB4C
:1079E0001C456A1854F1000148BF7047B61952414E
:1079F00041EB0101A3F10103704795F0000F37D06F
:107A00004FEA114221EA02464FEA144724EA074CA2
:107A100002FB07F106FB07F70CFB06F414EB074427
:107A200041EB174102FB0CFC14EB0C4441EB1C41F5
:107A30004FEA154725EA074C02FB07F506FB07F757
:107A40000CFB06F616EB074645EB174502FB0CFC54
:107A500016EB0C4645EB1C42121951F1000148BFD0
:107A60007047B619524141EB0101A3F10103704780
:107A70004FEA144524EA05464FEA114721EA074C2C
:107A800005FB07F106FB07F70CFB06F212EB0742BA
:107A900041EB174105FB0CFC12EB0C4251EB1C4176
:107AA0004FF0000648BF7047921841EB0101A3F167
:107AB00001037047490050EAC12018BF04204A0D55
:107AC00018BF40F0010040F2FF72B2EB515F08BFF7
:107AD00040F00200012808BF052070470021084639
:107AE00000F0A4BC30380A2801D2012070470020E1
:107AF000704770B50C46054600F06DFC00F0704014
:107B0000B0F1005F07D024F00040C0F1FF40C00F8B
:107B100004BF204670BD284670BD70B50C460546B2
:107B200000F059FC00F07040B0F1004F07D024F095
:107B30000040C0F1FF40C00F04BF204670BD284682
:107B400070BD70B5054620F00040C0F1FF400C4606
:107B5000C00F05D124F00040C0F1FF40C00F17D086
:107B6000284600F0F1FE6FEAD05111F0FF0F08BF78
:107B700070BDE917B1EBE07F08BF70BD014664F34B
:107B80001E01BDE870400A460146104600F05BBF8A
:107B90004FF07F40B0EB450F18BF5FEA4400DFD1E4
:107BA0000120F8F7E8FDBDE87040FFF797BF00003F
:107BB00010B500290AD00878002807D00548784475
:107BC000F9F7CAFC002801D0002010BD0248784413
:107BD00010BD00006E1200006612000010B50029F2
:107BE0000AD00878002807D005487844F9F7B4FC93
:107BF000002801D0002010BD0248784410BD0000CC
:107C00005E1200005612000021F0004201F0004315
:107C1000A2F16052B2F5801F28BFD2F17F6C0BD960
:107C20005FEA001C43EAC20242EB507018BF704783
:107C300028BF20F001007047B2F5801FBCBF184676
:107C400070474FEA410C1CF5001F02D2084600F0B5
:107C5000F5BE70B500F0A0F900000089FFF7F6BF8F
:107C60004FF00040A0F580007047000010B591EA89
:107C7000030F48BF83F0004300F1EA81841A71EBDF
:107C8000030C05D2121943EB0C03001B61EB0C0132
:107C90004FEA1154A4EB135CDFF81CE11EEA430F1A
:107CA00018BF9EEA445F73D021EA045123EA0E0311
:107CB00043F48013DCF1200E32D322FA0CFE10EBD9
:107CC0000E0023FA0CFE41EB0E01CCF1200E03FA5C
:107CD0000EFE10EB0E00CCF1200E51F10001B1F5BB
:107CE000801F32D201EB045112FA0EF2BDE81040AF
:107CF00058BF7047401C38BF5FEA420218BF704748
:107D0000002814BF20F0010041F100014FEA4103B7
:107D100013F5001F38BF7047A1F1C04100F08AB9C8
:107D2000012A43EB0302ACF1200CDCF11F0E32BF41
:107D30004FF0000E23FA0CF310EB030041EB04515B
:107D4000B4EB115FD0D0A1EB045101F580114908CB
:107D500001EB04515FEA30000ED350F1000038BF50
:107D600012FA0EFE08D1BDE81040C9E7401C38BF2A
:107D70005FEA4202CAD1C3E7BDE810404FEA4103BF
:107D800013F5001F38BF7047A1F1C04100F052B990
:107D90009EEA445F08D011EA5E0FBDE8104004BFC0
:107DA00001F0004100207047BDE8104070B500F0C0
:107DB000F3F800BF64FBBE3E0000E0FF4FEA115342
:107DC000A3F58063D3F11E03A8BFD3F1200C08DB19
:107DD0004FF0004242EAC12252EA505232FA03F016
:107DE000704709420BD4102BC4BF0020704703F525
:107DF000787CBCF1FF3F05D04FF0FF3070474FF06B
:107E00000000704770B500F0C7F800BF49922480A9
:107E100000207047F0E710F0004248BF4042B0FA3F
:107E200080F310FA03F10AD0C3F11D0303F5806358
:107E300002EB03524FEA415002EBD12170474FF061
:107E40000000704770B5DFF848C11CEA111E1EBF64
:107E50001CEA13159EEA0C0F95EA0C0F00F06F80D8
:107E600081EA03044EEAD47EAE4421EA4C1123EAAF
:107E70004C1341F4801143F48013AEF17F7EA1FBDB
:107E8000024CA0FB0365361955EB0C05A1FB034C16
:107E90004CF10003A0FB021C16EB0C06654153F1EC
:107EA0000003094218BF46F0010613F4007F0BD10E
:107EB0004FEA03314FEA053041EA155140EA1650C6
:107EC00034036FF003020AE04FEAC3214FEAC520F2
:107ED00041EA555140EA5650F4026FF0020202EBBB
:107EE0002E4201EB025585EACE710AD05FEA440CBE
:107EF00018BF24F0004450F1000041F1000120EAD5
:107F0000D47040F2FE7C624500D270BDA84214BF1E
:107F10004FF080444FF04044002E08BF0024BEF1D3
:107F2000806FA8BFA1F1C041BDE8704080F282809F
:107F300001F1C04101F000414FF0000070470CEA30
:107F400013159EEA0C0F18BF95EA0C0F06D081EAB4
:107F5000030E4FF000000EF0004170BD00F01CF861
:107F60008900013E00F007B800F009B84FEA430C61
:107F70005FEA5C5C08D081EA030100F05BB84FEA7D
:107F8000410C5FEA5C5CF6D102494FF0000070479B
:107F90000000FF070000F87F0EF1020E2EF0030E26
:107FA0005EF8046B364205D4012A43EB030515F550
:107FB000001F12D8012841EB010C1CF5001F0CD842
:107FC0000ED14FEAD17C0CEB4C0C0CF1020C15F5E8
:107FD000001F08BF4CEBD37C04E04FF0080C01E01D
:107FE0004FEAD37C0CEB4C0526FA05F606F00706A3
:107FF000B6F1040C06D20EEB860CBDE870404CF0D6
:10800000010C6047DFE80CF0090B02024FF0004161
:10801000A1F500214FF0000070BD1946104601285F
:1080200051EB010418BFD4F5001484BF002001F007
:10803000004170BD0808A0F500114FEA31017047FA
:1080400010B591EA030F48BF83F000433FF516AE29
:10805000841A71EB030C07D28CF0004C121943EB1D
:108060000C03001B61EB0C014FEA1154A4EB135CF1
:10807000DFF89CE11EEA430F18BF9EEA445F00F060
:10808000B08021EA045123EA6E035242C3EB6E032F
:1080900038BF5B1EDCF1200E25D322FA0CFE10EB5C
:1080A0000E0043FA0CFE41EB0E01CCF1200E03FA58
:1080B0000EFE10EB0E00CCF1200E51F1000129D480
:1080C00001EB045112FA0EF2BDE8104058BF7047A0
:1080D000401C1CBFB2F1004F704700280CBF491C68
:1080E00020F00100704712EB020E43EB030218BFB1
:1080F0004FF0010E4EEA4202ACF1200CDCF11E0EF4
:1081000054D943FA0CFE10EB0E00CCF11E0E51F1C7
:10811000FF31D5D50EF1010E12FA0EFE404141EBB2
:10812000010101EB445C5FEA5C5C10D901EB045196
:1081300010EBDE7038BFBEF1004FBDE8104018BF35
:10814000704700280CBF491C20F00100704730D256
:108150004FEAD42C24F4006411F500111BD0B1FABD
:1081600081F20B3AA41AA41ED2F12003914030FAF6
:1081700003F31943904001EBCC7101EB0451002C47
:10818000BDE81040A8BF704701F1C04101F00041B7
:108190004FF000007047B0FA80F310FA03F100D1FD
:1081A00010BDE41A173C4805C90AE4E701EB045185
:1081B00010BD49104FEA300001EB0451BDE81040FA
:1081C00002E04FF0000170474A0008BF0042F8D0BB
:1081D000B2F5001F28BF704701F000414FF00000CA
:1081E00070479EEA445F07D011EA5E0FBDE8104079
:1081F00004BF002100207047BDE8104070B5FFF7B4
:10820000CBFE00BF40DFF63E104683F000417047D2
:108210000000E0FF43004FEAD30C4FEA3C0C434020
:108220001FBF40070CF1605113F0FE4F70471CF068
:10823000006F03D10CF00041002070470CF00043A8
:1082400043EA507040EACC0010B500F036FB00BFA6
:10825000000000924FEA0001FFF7ECBE4FF0004132
:10826000A1F500214FF000007047000090EA010FD7
:1082700048BF81F0004100F1F883421A3CBF801AE8
:1082800089184FEAD052A2EBD1534FF07F4C1CEA31
:10829000410F18BF9CEA026F00F03B804FF0004C8A
:1082A0004CEA00204CEA012121FA03FC10EB0C0CF3
:1082B0001ED202F1FF325FEA1C2040EBC25038BFF1
:1082C00070471CF07F0F4FEA400C18BFBCF17F4F86
:1082D00038BF7047C3F12003994008BF20F0010068
:1082E000BCF17F4F38BF7047A0F1C04000F0A6BB83
:1082F0004FEA3C00000A40EBC25028BF1CF0FF0FC1
:108300004FEA400CE6D018BFBCF17F4F38BF704732
:10831000EAE79CEA026F05D010EA5C0F08BF00F0A4
:108320000040704710B500F0C8FA00BF64FBBE3EC5
:1083300010B500F03DF90CBF0120002010BD10B5B4
:1083400000F036F914BF0120002010BD10B500F078
:10835000CBF98CBF0120002010BD10B500F0C4F98E
:108360002CBF0120002010BD10B500F0F1F994BF22
:108370000120002010BD10B500F0EAF934BF012043
:10838000002010BD50EA010C00F113801CF5000F15
:1083900058BFBCF5000F01D48842704707D710F5CD
:1083A000000F58BF11F5000F22D488427047894250
:1083B00070471CF5000F04D5BCF5000FF7D58142BE
:1083C00070474FF0807C1CEB400F38BF1CEB410F17
:1083D0000ED28142704710B5FFF7D4FFEFF3008053
:1083E00020F0104038BF40F0004080F3008810BDFE
:1083F000BDE8104010B500F060FA00BF00000009B1
:1084000000F007B84FF0404010F1004FEFF300804C
:108410007047401058BFC0F14040491058BFC1F1EB
:1084200040418142EFF30080704700004FF47F0C21
:108430001CEAD0121EBF1CEAD11392EA0C0F93EA79
:108440000C0F00F0858090EA010F48BF42F4807263
:1084500040F4000C41F400002CF07F4120F07F40FC
:1084600000B5A2EB030281420FF2081CACEB504EA8
:108470009EF800E0C0F100004FEA4E0E00FB0EFC3B
:1084800038BF49004FEA2C1C0CFB0EF34FEACE1EFE
:108490000EEB635E4FEA112C0EFB0CFC4FEAC12180
:1084A0004FEA1C5300FB031102F5FA024FEA112CAC
:1084B0000EFB0CFC4FEA01314FEADC4C00FB0C11C7
:1084C00042EB2242C14228BF09184CEB03335DF84E
:1084D00004EB10EB410143EBC250B2F57C0F38BF07
:1084E000704729D512F0F00F1CBF00F1C04000F01A
:1084F00000407047008182838485868788898B8CC1
:108500008D8E8F919293959697999A9C9D9FA0A2FC
:10851000A3A5A7A8AAACAEB0B2B3B5B7B9BCBEC04C
:10852000C2C5C7C9CCCED1D4D7D9DCDFE2E6E9ECED
:10853000F0F3F7FAFE0000004FEA400C0CF1807CEB
:10854000BCF17E4F28BF7047B0F1C04000F076BA52
:108550000CEAD11390EA010F48BF42F480726245E1
:1085600038BF634507D213F47F0F16D080EA0100AD
:1085700000F00040704710B500F09FF9097EFC3E06
:1085800000F005B880EA010000F00040704780EA82
:10859000010000F0004000F051BA12F47F0F04BF58
:1085A0000248704780EA010000F048BA0000C07F2E
:1085B00050EA010C00F113801CF5000F58BFBCF508
:1085C000000F01D48842704707D710F5000F58BF3D
:1085D00011F5000F15D488427047894270471CF589
:1085E000000F04D5BCF5000FF7D5814270474FF05E
:1085F000807C1CEB400F38BF1CEB410F01D2814245
:10860000704710B500F059F9922449004FF000501E
:108610004FF08051FFF7FDBE41000B0ED3F19E02DB
:1086200008D950F400034FEA032323FA02F048BFAD
:108630004042704710B500F040F900BF49922480D5
:10864000002070476FF0004282EA2000704700006F
:10865000C10DD1F19E0206DB4FEA002343F0004337
:1086600023FA02F07047004207D54FEA4001B1F10A
:10867000FE4F02D24FF00000704710B500F01DF918
:1086800049922480002070476FEA20007047000064
:1086900010F0004148BF4042B0FA80F310FA03F2F4
:1086A000C3F19D030BD051EAC35101EB12205306D5
:1086B00038BF704700F1010008BF20F0010070478B
:1086C000B0FA80F310FA03F2C3F19D030AD0D90582
:1086D00001EB1220530638BF704700F1010008BFBC
:1086E00020F001007047000050EA010C00F11380F7
:1086F0001CF5000F58BFBCF5000F01D4884270472D
:1087000007D710F5000F58BF11F5000F15D4884298
:108710007047894270471CF5000F04D5BCF5000F67
:10872000F7D5814270474FF0807C1CEB400F38BF7B
:108730001CEB410F01D28142704710B500F0BDF82B
:10874000922449004FF080504FF00051FFF761BE76
:1087500050EA010C00F113801CF5000F58BFBCF566
:10876000000F01D48842704707D710F5000F58BF9B
:1087700011F5000F15D488427047894270471CF5E7
:10878000000F04D5BCF5000FF7D5814270474FF0BC
:10879000807C1CEB400F38BF1CEB410F01D28142A3
:1087A000704710B500F089F8922449004FF000504E
:1087B0004FF08051FFF72DBE4FF47F0C1CEAD01212
:1087C0001EBF1CEAD11392EA0C0F93EA0C0F00F0C3
:1087D000478090EA010F48BF42F480724FF0004C8E
:1087E0004CEA00204CEA012102EB0302A0FB01133A
:1087F000A2F50002002918BF43F001035B0028BF67
:108800004FEA330342EB22425FEA132C4CEBC25097
:108810002EBFBCEB436FB2F57C0F70474FEA036C81
:10882000BCF1004F08BF20F00100B2F57C0F38BF4B
:1088300070470BD582F0FF0212F5803FC8BF70472A
:1088400000F1C040D8BF00F00040704700F5000CB8
:108850005FEA4C0C48BF7047B0F1C04000F0EEB882
:108860000CEAD11390EA010F48BF42F480726245CE
:1088700038BF634504D280EA010000F00040704731
:1088800010B500F01AF800BF8900013E00F007B8EB
:1088900000F009B85FEA410C5FEA1C6C08D080EA7E
:1088A000010000F0CBB85FEA400C5FEA1C6CF6D127
:1088B0004FF00040A0F5800070470EF1020E2EF040
:1088C000030E5EF8044B244204D44FEA4102B2F195
:1088D0007F4F11D84FEA4003B3F17F4F0CD80ED130
:1088E0004FEAD07C0CEB4C0C0CF1020CB2F17F4F38
:1088F00008BF4CEBD17C04E04FF0080C01E04FEADC
:10890000D17C0CEB4C0324FA03F404F00704B4F11B
:10891000040C06D20EEB840CBDE810404CF0010CA8
:108920006047DFE80CF0070802024FF00040A0F5B6
:10893000800010BD0846420018BFD2F1807288BF87
:1089400000F0004010BD00004FF07F4C3CEA4103B6
:1089500018BF3CEA400200F062804FF47F0C0CEA42
:10896000D11310F0004F18BF43F005031CEAD012DA
:1089700018BF13EA0C0F00F057804FF0004C4CEA80
:1089800000204CEA0121A3F580339A4210DD23F048
:108990000203B0F1004F06D343F00203401ABCBFFC
:1089A000404283F001034FEA4000A2F58032ECE739
:1089B0004FEA224CBCEB234F08DB884206D31CD085
:1089C000A0EB4100C0F1000083F0010340001DD284
:1089D00017D40DD0B0FA80FC0CF1010C00FA0CF0A9
:1089E000A2EB0C42D2F1000C12DB4FEAC3707047CD
:1089F0004FEA437000F00040704713F0020FE5D0DB
:108A0000DEE74FEA4000B2F58032EBDD002AE9DD17
:108A10004FEAC21242EA502040EAC370704710B5D4
:108A2000FFF74BFFEDFFFF3E1CEAD11F02D000F025
:108A300000407047004870470000C07FFF2141EAB6
:108A4000D050C005704780F0004090EA010F7FF5DC
:108A500014AC81F0004100F008B8000090EA010F6A
:108A600048BF81F000413FF508AC421A04D882F0BB
:108A70000042A0EB020011444FEAD052A2EBD153C6
:108A80004FF07F4C1CEA410F18BF9CEA026F4AD09E
:108A90004FF0004C4CEA00204CEA012121FA03FC83
:108AA000B0EB0C0C0FD412F0FE0F36D05FEA4C0086
:108AB0001DD5001240EBC25038BF70471CF03F0F6D
:108AC00018BF70470BE05FEA1C20A2F1010240EBE7
:108AD000C25038BF70471CF07F0F18BF7047C3F1FA
:108AE0002003994014BF401E20F0010070474FEA58
:108AF0001223800808BF7047B0FA80FCA2EB0C027A
:108B0000CCF1280C60FA0CF093EA122F04BF00EBB2
:108B1000C25070474FEAC3707047130A5FEADC1017
:108B200008BF7047F6E79CEA026F04D010EA5C0FBA
:108B300008BF0020704710B5FFF7BFFE40DFF63ECC
:108B400081F000407047F7F79CBFF8F7D1B830319B
:108B50003233343536373839414243444546403064
:108B60005800303132333435363738396162636416
:108B70006566403078000400000800000000000036
:108B800000020001000010303132333435363738FE
:108B90003961626364656678700030313233343530
:108BA00036373839414243444546585000000000AA
:108BB000000000000000000002400000000000A0D3
:108BC0000000000005400000000000C80000000098
:108BD0000C4000000000409C000000001940000014
:108BE0000020BCBE0000000034400000BFC91B8E46
:108BF00000000004B5400000504BCFD06607E2CF24
:108C0000010000006C4100003E8251AADFEEA73453
:108C100001000000D9420000DCB5A0E23A301F9705
:108C2000FFFFFFFFB4450000FD25A0C8E9A3C14F29
:108C3000FFFFFFFFFF3F000000000080000000007A
:108C4000FF3F000000000080000000000000000066
:108C500000000000010203040607080900000000EC
:108C6000010203040000000000000000595C00083D
:108C7000F95C0008155B0008255C0008315B000802
:108C8000B15B0008555C0008A55C0008195D000890
:108C9000AD5B0008394A0008554A00085D5C0008D1
:108CA000000000000000000005500008A950000866
:108CB000E1510008E95000080150000800000000E0
:108CC00000000000B95A0008695200085D5A000807
:108CD000694B00080000000000000000517100080E
:108CE000517100085171000851710008517100085C
:108CF00051710008517100080000000000000000E0
:108D0000DD690008056E0008DD6D00082D6E0008A5
:108D10005D6F0008056B0008A9630008755F000817
:108D20000000240348066B098C0CAB0FC812E21537
:108D3000F9180C1C1A1F2422282527281F2B112E56
:108D4000FC30DF33BA368D39573C173FCE417B4478
:108D50001D47B449404CC04E34519B53F6554358BF
:108D6000825AB45CD75EEC60F262E964D066A768B0
:108D70006E6A246CCA6D5F6FE3705572B6730575C9
:108D800042766C7785788A797D7A5D7B2A7CE47C73
:108D90008A7D1E7E9D7E0A7F627FA77FD97FF67FB8
:108DA00000805465726D696E616C004D4F543A20BD
:108DB000505020636865636B3A206661696C202DB2
:108DC00020657374696D617465642070703A200A5F
:108DD000004D4F543A20536B6970206F666673657F
:108DE000742063616C69622E0A004D4F543A20462C
:108DF00061696C656420746F206E6F7469636520AF
:108E00006D6F76656D656E740A000000608F0008F6
:108E100000000020F8000000280100085890000819
:108E2000F8000020400F0000440100081C00000072
:108E300043000000F8FFFFFF0C0000000E000000E0
:108E40000F0000002E000000100100004300000091
:108E5000F8FFFFFF0040404040404040404041415B
:108E600041414140404040404040404040404040FF
:108E70004040404040050202020202020202020299
:108E80000202020202202020202020202020200296
:108E90000202020202029090909090901010101026
:108EA00010101010101010101010101010101010C2
:108EB0000202020202028888888888880808080856
:108EC0000808080808080808080808080808080822
:108ED000020202024000000000000000000000004A
:108EE0000000000000000000000000000000000082
:108EF0000000000000000000000000000000000072
:108F00000000000000000000000000000000000061
:108F10000000000000000000000000000000000051
:108F20000000000000000000000000000000000041
:108F30000000000000000000000000000000000031
:108F40000000000000000000000000000000000021
:108F5000000000000000000061B7FFFF00000000FB
:108F60000100000010000000360000000C000000AE
:108F70000C0000000B00000000127A0000004040CE
:108F80000000000001000000FFFFFFFFFFFFFFFFE8
:108F90000100000000000000FFFFFFFF00000000D4
:108FA0000100000000000000FFFFFFFF01000000C3
:108FB00001000000FFFFFFFF0000000001000000B3
:108FC00000000000FFFFFFFF0000000001000000A4
:108FD000FFFFFFFFFFFFFFFF01000000FFFFFFFF9C
:108FE000FFFFFFFF0100000000000000FFFFFFFF88
:108FF0000100000001000000FFFFFFFF0000000073
:1090000001000000FFFFFFFFFFFFFFFF0100000066
:1090100000000000FFFFFFFF010000000100000052
:10902000FFFFFFFF0100000001000000FFFFFFFF46
:109030000000000001000000FFFFFFFFFFFFFFFF37
:109040000100000000000000FFFFFFFF0100000022
:0890500001000000FFFFFFFF1B
:04000005080000ED02
:00000001FF
